date,close,weirdness,iof_flag
2018-02-01,39.3307991027832,-0.2844691778608773,0
2018-02-02,37.62422561645508,2.7742185712441088,1
2018-02-05,36.68421936035156,0.5872145294612343,0
2018-02-06,38.21730422973633,2.3767323410552303,1
2018-02-07,37.399192810058594,0.0740964063828596,0
2018-02-08,36.37008285522461,0.4832065332167758,0
2018-02-09,36.8149528503418,0.0744172415817757,0
2018-02-12,38.297813415527344,1.6376435328493448,1
2018-02-13,38.68145751953125,-0.3612714344161801,0
2018-02-14,39.394649505615234,-0.2889619371339302,0
2018-02-15,40.71745300292969,0.6375679838406884,1
2018-02-16,40.58565139770508,-0.6496501853498282,0
2018-02-20,40.44913482666016,-0.6558533889745822,0
2018-02-21,40.26553726196289,-0.6899104760212792,0
2018-02-22,40.60212326049805,-0.5914608196207383,0
2018-02-23,41.30824279785156,-0.4361015056816456,0
2018-02-26,42.12500762939453,-0.3710671135383592,0
2018-02-27,41.98847961425781,-0.725728042210038,0
2018-02-28,41.92493438720703,-0.7518647122005298,0
2018-03-01,41.1905517578125,-0.2588748177282733,0
2018-03-02,41.47535705566406,-0.7117994503231447,0
2018-03-05,41.61893844604492,-0.7366342133784942,0
2018-03-06,41.58363723754883,-0.7914144151365774,0
2018-03-07,41.19761276245117,-0.383691128241719,0
2018-03-08,41.64719009399414,-0.8140779859217327,0
2018-03-09,42.36273193359375,-0.4650298221834528,0
2018-03-12,42.77228164672852,-0.26359296224885,0
2018-03-13,42.3603744506836,0.0279488973644479,0
2018-03-14,42.000247955322266,-0.4186600589875529,0
2018-03-15,42.04967880249024,-0.8846355092054774,0
2018-03-16,41.901397705078125,-0.7873635928061455,0
2018-03-19,41.26118087768555,0.1148216434477427,0
2018-03-20,41.24705505371094,-0.7472450004533248,0
2018-03-21,40.31261444091797,0.6204035199046807,1
2018-03-22,39.74300384521485,-0.2099100845298391,0
2018-03-23,38.82270050048828,0.4517536018645937,0
2018-03-26,40.66567993164063,2.656035159851451,1
2018-03-27,39.62296295166016,0.1512939929082759,0
2018-03-28,39.18516540527344,-0.3707754985845744,0
2018-03-29,39.491153717041016,-0.4474185482161193,0
2018-04-02,39.23223876953125,-0.6004599991133099,0
2018-04-03,39.63473510742188,-0.4704592119415466,0
2018-04-04,40.39263534545898,-0.1868702185518109,0
2018-04-05,40.6727409362793,-0.7135327335225127,0
2018-04-06,39.63238143920898,0.0085943639667029,0
2018-04-09,40.02545928955078,-0.5241996812904192,0
2018-04-10,40.77865219116211,-0.2138347398381073,0
2018-04-11,40.58800506591797,-0.658464114067318,0
2018-04-12,40.98812484741211,-0.565407594075859,0
2018-04-13,41.12701034545898,-0.7649458228386481,0
2018-04-16,41.383575439453125,-0.7545392704484241,0
2018-04-17,41.95318222045898,-0.6168449178273201,0
2018-04-18,41.85902404785156,-0.9335213787723629,0
2018-04-19,40.6727409362793,0.1458932107694137,0
2018-04-20,39.00628280639648,1.0635257631393766,1
2018-04-23,38.89330291748047,-0.7821905930120185,0
2018-04-24,38.35195541381836,-0.5129216867046343,0
2018-04-25,38.51904678344727,-0.5455911579302769,0
2018-04-26,38.653228759765625,-0.745229746037412,0
2018-04-27,38.206016540527344,-0.5715691887198521,0
2018-04-30,38.89800643920898,-0.3063702920193003,0
2018-05-01,39.80186080932617,-0.1214367162653919,0
2018-05-02,41.560096740722656,1.4778593382333227,1
2018-05-03,41.63543319702149,-0.9129020785420964,0
2018-05-04,43.268924713134766,0.856709318996068,1
2018-05-07,43.58196258544922,-0.7891591022314864,0
2018-05-08,43.79145812988281,-0.8176949242637467,0
2018-05-09,44.09978103637695,-0.8556029102092713,0
2018-05-10,44.73059844970703,-0.6123589947765546,0
2018-05-11,44.56047058105469,-0.8143527482201951,0
2018-05-14,44.45651245117188,-0.8817043236990751,0
2018-05-15,44.05245971679688,-0.7096042841319885,0
2018-05-16,44.46358871459961,-0.7993910714174054,0
2018-05-17,44.18242263793945,-0.8131458436174356,0
2018-05-18,44.02174758911133,-0.8714185551479176,0
2018-05-21,44.33365249633789,-0.6930913692344435,0
2018-05-22,44.22259521484375,-0.5700558707136693,0
2018-05-23,44.506126403808594,-0.507276729780125,0
2018-05-24,44.45651245117188,-0.4582058652373234,0
2018-05-25,44.55810546875,-0.5344906067436721,0
2018-05-29,44.39743041992188,-0.1565468399474663,0
2018-05-30,44.30293273925781,-0.529318388686896,0
2018-05-31,44.15406036376953,-0.6934338602141769,0
2018-06-01,44.95034790039063,-0.0996231130221248,0
2018-06-04,45.32602691650391,-0.7605278918366016,0
2018-06-05,45.67572021484375,0.108612342642227,0
2018-06-06,45.83403015136719,-0.0571165742975896,0
2018-06-07,45.7111701965332,0.0237759330501819,0
2018-06-08,45.29530334472656,0.4407012483734843,0
2018-06-11,45.18426513671875,0.0360780880633899,0
2018-06-12,45.4323616027832,0.2369459387254124,0
2018-06-13,45.05901718139648,0.4130455635569816,0
2018-06-14,45.08265686035156,0.0358163289249797,0
2018-06-15,44.61954498291016,0.6947291388011437,1
2018-06-18,44.59591674804688,0.0498739287285681,0
2018-06-19,43.875247955322266,1.4034447357087323,1
2018-06-20,44.06664276123047,0.0838214884974672,0
2018-06-21,43.8209114074707,0.0142587834076366,0
2018-06-22,43.69332885742188,-0.0327301422622659,0
2018-06-25,43.04353713989258,0.8507570529625268,1
2018-06-26,43.57753372192383,0.6198344481488303,1
2018-06-27,43.51375198364258,-0.2596759647887476,0
2018-06-28,43.830360412597656,0.0015902472684537,0
2018-06-29,43.73820495605469,-0.3419850893314221,0
2018-07-02,44.2273063659668,0.6058898732540395,1
2018-07-03,43.45703125,0.9457306597774652,1
2018-07-05,43.806732177734375,0.3556815325833299,0
2018-07-06,44.41397476196289,0.7068892720623863,1
2018-07-09,45.030670166015625,0.3042915272763368,0
2018-07-10,44.97632598876953,-0.5543160220699986,0
2018-07-11,44.3927116394043,0.0333019349700628,0
2018-07-12,45.137001037597656,0.3218408975868867,0
2018-07-13,45.20787811279297,-0.6712824112485924,0
2018-07-16,45.108646392822266,-0.6773685736502849,0
2018-07-17,45.236236572265625,-0.6757362968037353,0
2018-07-18,44.98814392089844,-0.5914801142742008,0
2018-07-19,45.337833404541016,-0.5868742563910745,0
2018-07-20,45.2338752746582,-0.6884164074841084,0
2018-07-23,45.274044036865234,-0.7286964865883668,0
2018-07-24,45.602481842041016,-0.5967868501276471,0
2018-07-25,46.03251647949219,-0.324833289370547,0
2018-07-26,45.88837432861328,-0.3838823467142931,0
2018-07-27,45.12518310546875,0.6880647118787703,1
2018-07-30,44.87237548828125,-0.5467198067194957,0
2018-07-31,44.96214294433594,-0.7343795387458647,0
2018-08-01,47.610877990722656,3.513821854393408,1
2018-08-02,49.00257873535156,0.2557922111216348,0
2018-08-03,49.14435195922852,-0.7846044892266358,0
2018-08-06,49.399532318115234,-0.8509532532597196,0
2018-08-07,48.93640899658203,-0.5994680193691275,0
2018-08-08,48.96950912475586,-0.905334487786008,0
2018-08-09,49.35463333129883,-0.85524166826127,0
2018-08-10,49.20762634277344,-0.875521739474104,0
2018-08-13,49.52536010742188,-0.9198297991279194,0
2018-08-14,49.734031677246094,-0.9109983552468836,0
2018-08-15,49.850196838378906,-0.9193867799351846,0
2018-08-16,50.580509185791016,-0.618832516982433,0
2018-08-17,51.590599060058594,-0.3180739842328554,0
2018-08-20,51.08792495727539,-0.2632253526043034,0
2018-08-21,50.98832702636719,-0.6780591525149717,0
2018-08-22,50.99070739746094,-0.7508087363675194,0
2018-08-23,51.09503173828125,-0.868653404253295,0
2018-08-24,51.253902435302734,-0.8247652011800348,0
2018-08-27,51.67595291137695,-0.6498840261364383,0
2018-08-28,52.0932731628418,-0.502511645864525,0
2018-08-29,52.87100601196289,-0.1415907044478234,0
2018-08-30,53.35706329345703,-0.3630035996552348,0
2018-08-31,53.97356796264648,0.2062194870921445,0
2018-09-04,54.14665603637695,-0.0986188411924962,0
2018-09-05,53.79335403442383,0.3508657900004128,0
2018-09-06,52.89944076538086,1.7655787659141042,1
2018-09-07,52.4726448059082,0.0160186523732292,0
2018-09-10,51.768436431884766,0.2868909671724106,0
2018-09-11,53.07728958129883,0.8384372652828392,1
2018-09-12,52.418113708496094,-0.1803905881889011,0
2018-09-13,53.68428039550781,0.2156862842934628,0
2018-09-14,53.07490921020508,-0.4218677716615873,0
2018-09-17,51.66172790527344,0.6472274437640343,1
2018-09-18,51.7470817565918,-0.8448961691209773,0
2018-09-19,51.77791976928711,-0.8967003572715742,0
2018-09-20,52.17151641845703,-0.8029677734466867,0
2018-09-21,51.60956573486328,-0.6126922703094122,0
2018-09-24,52.35171508789063,-0.5777407345238259,0
2018-09-25,52.68368148803711,-0.8803007813051585,0
2018-09-26,52.26398086547852,-0.7642630302749331,0
2018-09-27,53.33810424804688,-0.1672919389254115,0
2018-09-28,53.52542495727539,-0.8944221133750907,0
2018-10-01,53.88582992553711,-0.8075050493939357,0
2018-10-02,54.36479568481445,-0.7363424033937477,0
2018-10-03,55.02634048461914,-0.6386761654286156,0
2018-10-04,54.058929443359375,-0.3097560598965905,0
2018-10-05,53.18161010742188,-0.3618278135038473,0
2018-10-08,53.05831146240234,-0.9048553139513862,0
2018-10-09,53.79335403442383,-0.6439504662414451,0
2018-10-10,51.30132293701172,2.2481210820898863,1
2018-10-11,50.84843826293945,-0.67462501965312,0
2018-10-12,52.66471099853516,1.1263426584634222,1
2018-10-15,51.53843688964844,-0.1737588122206094,0
2018-10-16,52.67419052124024,-0.2984615556072389,0
2018-10-17,52.446563720703125,-0.8937951522913907,0
2018-10-18,51.22069549560547,-0.1607814855009112,0
2018-10-19,52.00080490112305,-0.5371912060644161,0
2018-10-22,52.31851959228516,-0.8461011552453016,0
2018-10-23,52.81171417236328,-0.7641840391137187,0
2018-10-24,51.00018310546875,0.5290626131026119,0
2018-10-25,52.116981506347656,-0.3157852804357346,0
2018-10-26,51.28709411621094,-0.3875088204427266,0
2018-10-29,50.32441711425781,-0.1850127205268802,0
2018-10-30,50.57575225830078,-0.4917908473742678,0
2018-10-31,51.89409637451172,0.2363623009434659,0
2018-11-01,52.69079208374024,-0.3740631478712685,0
2018-11-02,49.195777893066406,2.704016996952288,1
2018-11-05,47.7991943359375,0.5048503588035509,0
2018-11-06,48.31608581542969,0.0408501976580243,0
2018-11-07,49.78144073486328,0.7962679039638817,1
2018-11-08,49.60773849487305,-0.4787099467731698,0
2018-11-09,48.6512336730957,-0.0436970031645263,0
2018-11-12,46.200462341308594,1.6995170710789087,1
2018-11-13,45.73886489868164,0.0981510213334741,0
2018-11-14,44.44687271118164,0.8478055738927215,1
2018-11-15,45.543758392333984,1.0224118043374482,1
2018-11-16,46.04817962646485,0.0942448392644,0
2018-11-19,44.22320175170898,1.2830940215561235,1
2018-11-20,42.11030960083008,2.06447662149403,1
2018-11-21,42.06271362304688,1.379555965731291,1
2018-11-23,40.99438095092773,1.4431908428083509,1
2018-11-26,41.548770904541016,1.5739863700020855,1
2018-11-27,41.45835494995117,1.122952862387972,1
2018-11-28,43.052547454833984,1.980188194176552,1
2018-11-29,42.7218132019043,0.6421553287784698,1
2018-11-30,42.49102020263672,0.994244819730048,1
2018-12-03,43.97574996948242,2.0087409343628138,1
2018-12-04,42.04132080078125,1.5203128667648074,1
2018-12-06,41.572566986083984,0.3070316203939399,0
2018-12-07,40.09021759033203,1.3889040635089418,1
2018-12-10,40.35433197021485,1.2026561403888572,1
2018-12-11,40.12354278564453,1.0820721054688736,1
2018-12-12,40.23535537719727,0.9113539903737132,1
2018-12-13,40.675537109375,0.2347856174635194,0
2018-12-14,39.37401580810547,0.8521850743104687,1
2018-12-17,39.00759506225586,0.0778713216104857,0
2018-12-18,39.51439666748047,0.4932109003873909,0
2018-12-19,38.28188705444336,1.111461778278189,1
2018-12-20,37.31584930419922,0.7268374648206793,1
2018-12-21,35.86443328857422,1.1804107743820276,1
2018-12-24,34.93648147583008,0.9300866426993892,1
2018-12-26,37.39675521850586,3.2842657579224257,1
2018-12-27,37.15406036376953,0.1360929114225507,0
2018-12-28,37.17308807373047,0.0998528914438281,0
2018-12-31,37.53238677978516,0.3633407113805224,0
2019-01-02,37.5752067565918,0.1416011374013532,0
2019-01-03,33.83244323730469,3.637456730977848,1
2019-01-04,35.2767219543457,2.816992470029728,1
2019-01-07,35.19820785522461,1.0558546322988835,1
2019-01-08,35.86919021606445,1.191681638612455,1
2019-01-09,36.47830581665039,0.6769567531026076,1
2019-01-10,36.59490203857422,0.4641454062379304,0
2019-01-11,36.23561477661133,0.5479035932094783,0
2019-01-14,35.69073867797852,0.76928146643372,1
2019-01-15,36.42121124267578,0.896411303232979,1
2019-01-16,36.86614608764648,0.3857410534687177,0
2019-01-17,37.08505630493164,0.2776058154207756,0
2019-01-18,37.313472747802734,0.277743306854987,0
2019-01-22,36.47592926025391,0.6132176647321926,1
2019-01-23,36.62345123291016,0.1003263397750475,0
2019-01-24,36.33317184448242,0.0479001535717115,0
2019-01-25,37.53714370727539,0.8699218499787296,1
2019-01-28,37.18974685668945,-0.2209149863475306,0
2019-01-29,36.804290771484375,-0.1665412114778745,0
2019-01-30,39.31929397583008,2.460209574014592,1
2019-01-31,39.60244369506836,0.0641903694930157,0
2019-02-01,39.6214714050293,0.0453529146750112,0
2019-02-04,40.74691390991211,0.6734782935275931,1
2019-02-05,41.44407653808594,-0.0494209984399163,0
2019-02-06,41.45835494995117,-0.0766659662242977,0
2019-02-07,40.67316818237305,0.2935936964724016,0
2019-02-08,40.7209587097168,-0.6995134822447368,0
2019-02-11,40.48676681518555,-0.6083685737661877,0
2019-02-12,40.83564758300781,-0.6061816684917104,0
2019-02-13,40.66599655151367,-0.4341366612403611,0
2019-02-14,40.81415557861328,-0.6776006376826136,0
2019-02-15,40.72333908081055,-0.7703015026192077,0
2019-02-19,40.8452262878418,-0.7893537614538022,0
2019-02-20,41.10807037353516,-0.7710928881603221,0
2019-02-21,40.87628173828125,-0.5403689423573291,0
2019-02-22,41.33269882202149,-0.5616069280030868,0
2019-02-25,41.6337776184082,-0.5384236630740022,0
2019-02-26,41.65766143798828,-0.8367237723604556,0
2019-02-27,41.78672409057617,-0.742623207254036,0
2019-02-28,41.37569427490234,-0.3326591490596688,0
2019-03-01,41.81060791015625,-0.5219534626311962,0
2019-03-04,42.0208854675293,-0.7486658099127899,0
2019-03-05,41.94442367553711,-0.7063683116628781,0
2019-03-06,41.70308303833008,-0.1200099212674435,0
2019-03-07,41.22038269042969,0.5782557472772858,0
2019-03-08,41.3183479309082,-0.0861620218184975,0
2019-03-11,42.74971389770508,3.0582744011901237,1
2019-03-12,43.23002243041992,-0.503041110208971,0
2019-03-13,43.42119216918945,-0.7448172143315039,0
2019-03-14,43.90388107299805,-0.4799762991135616,0
2019-03-15,44.4749870300293,-0.4401743002330861,0
2019-03-18,44.92901992797852,-0.56809247774197,0
2019-03-19,44.57296371459961,-0.1481672053024586,0
2019-03-20,44.96247100830078,-0.6353113678110089,0
2019-03-21,46.61845397949219,1.8095418258501448,1
2019-03-22,45.6530647277832,0.896016891846091,1
2019-03-25,45.10107803344727,-0.3479795276068978,0
2019-03-26,44.63509750366211,-0.5569803201925521,0
2019-03-27,45.03655624389648,-0.8325274254023161,0
2019-03-28,45.09629440307617,-0.9776279128293204,0
2019-03-29,45.39020919799805,-0.9223420394673912,0
2019-04-01,45.6984748840332,-0.9304416927971876,0
2019-04-02,46.36277389526367,-0.6486726666796826,0
2019-04-03,46.68059158325195,-0.865592032402472,0
2019-04-04,46.761837005615234,-0.7570297033180762,0
2019-04-05,47.07487106323242,-0.645304008203077,0
2019-04-08,47.815650939941406,-0.3000591928365917,0
2019-04-09,47.67226409912109,-0.5579439919458199,0
2019-04-10,47.93990707397461,-0.8159308569656092,0
2019-04-11,47.54084014892578,-0.439911781074671,0
2019-04-12,47.5217170715332,-0.8594677368669683,0
2019-04-15,47.60773849487305,-0.8896965196148947,0
2019-04-16,47.612525939941406,-0.8932303821706654,0
2019-04-17,48.539676666259766,-0.2257586123124803,0
2019-04-18,48.71412658691406,-0.9150048320689288,0
2019-04-22,48.87422180175781,-0.7300587326983645,0
2019-04-23,49.57915878295898,0.2513071041134349,0
2019-04-24,49.502689361572266,0.084692297869623,0
2019-04-25,49.05343627929688,1.1038656874464805,1
2019-04-26,48.81925964355469,0.2396262902090343,0
2019-04-29,48.89334487915039,-0.160052274640201,0
2019-04-30,47.95183563232422,1.673625381779,1
2019-05-01,50.30558776855469,3.098240588498359,1
2019-05-02,49.97821044921875,-0.723737962658878,0
2019-05-03,50.599517822265625,-0.7213352172051438,0
2019-05-06,49.81811141967773,-0.2836442651966042,0
2019-05-07,48.47515869140625,0.4314123038692938,0
2019-05-08,48.48471450805664,-0.9348091049426562,0
2019-05-09,47.96379089355469,-0.7029627031724961,0
2019-05-10,47.2993278503418,-0.4764015955840427,0
2019-05-13,44.550323486328125,2.664322736387157,1
2019-05-14,45.255558013916016,-0.3295752390912344,0
2019-05-15,45.79768753051758,-0.500709060878958,0
2019-05-16,45.59619140625,-0.6701638191607049,0
2019-05-17,45.33712005615234,-0.5165628653075504,0
2019-05-20,43.919429779052734,0.4194572315181892,0
2019-05-21,44.76140213012695,0.1076161742941597,0
2019-05-22,43.84506607055664,0.226588737635707,0
2019-05-23,43.096641540527344,0.2716635467710534,0
2019-05-24,42.93113327026367,-0.0082490517077883,0
2019-05-28,42.75362014770508,-0.0254032446990151,0
2019-05-29,42.54973602294922,0.0227829886659838,0
2019-05-30,42.770416259765625,-0.0632477110222877,0
2019-05-31,41.99559783935547,0.8732053490496412,1
2019-06-03,41.571022033691406,0.7215116207139817,1
2019-06-04,43.09185409545898,2.431481114268343,1
2019-06-05,43.78750228881836,0.4644801130504621,0
2019-06-06,44.43038177490234,-0.0198424350366512,0
2019-06-07,45.61297225952149,0.4182274371301909,0
2019-06-10,46.19588851928711,-0.4545571114026868,0
2019-06-11,46.7308235168457,-0.6496706590063568,0
2019-06-12,46.58209228515625,-0.9379193485408416,0
2019-06-13,46.57249450683594,-0.9661721861736756,0
2019-06-14,46.2342643737793,-0.8226766281828602,0
2019-06-17,46.51012802124024,-0.9083527494465096,0
2019-06-18,47.60396957397461,-0.3136872129550104,0
2019-06-19,47.46485137939453,-0.9115490430551976,0
2019-06-20,47.84625625610352,-0.8990459638557804,0
2019-06-21,47.683143615722656,-0.8437329735957486,0
2019-06-24,47.63516616821289,-0.8317664149003197,0
2019-06-25,46.91312789916992,-0.0568368742400187,0
2019-06-26,47.92781829833984,-0.2870840717342416,0
2019-06-27,47.91342544555664,-0.6897407427162318,0
2019-06-28,47.47684097290039,-0.3970982018854911,0
2019-07-01,48.34760665893555,-0.2055376191086846,0
2019-07-02,48.630672454833984,-0.3371099947103531,0
2019-07-03,49.03366088867188,-0.5760070777855728,0
2019-07-05,48.99047470092773,-0.5767635266774341,0
2019-07-08,47.98059844970703,0.7117860865331012,1
2019-07-09,48.27323532104492,-0.8338665680709118,0
2019-07-10,48.7505989074707,-0.6902033337712274,0
2019-07-11,48.39558029174805,-0.6121960827955977,0
2019-07-12,48.76738357543945,-0.7513834551852078,0
2019-07-15,49.22555923461914,-0.7154434779097816,0
2019-07-16,49.05525588989258,-0.7541415873298415,0
2019-07-17,48.77938461303711,-0.7023434826694909,0
2019-07-18,49.33351135253906,-0.4870856596572059,0
2019-07-19,48.59707260131836,-0.0420783786518753,0
2019-07-22,49.70771408081055,0.3422072393397805,0
2019-07-23,50.0963134765625,-0.7901555209598828,0
2019-07-24,50.05552673339844,-0.9037290584053248,0
2019-07-25,49.65974426269531,-0.5176181386992411,0
2019-07-26,49.83246612548828,-0.8317504195511546,0
2019-07-29,50.29781723022461,-0.674290434242163,0
2019-07-30,50.08193206787109,-0.6730879393799344,0
2019-07-31,51.10380935668945,0.1898060155633708,0
2019-08-01,49.99796295166016,0.5279920367985586,0
2019-08-02,48.94009780883789,0.2121185298848355,0
2019-08-05,46.378196716308594,2.726303961380124,1
2019-08-06,47.25615310668945,-0.3581693446258088,0
2019-08-07,47.74551010131836,-0.7000782608407463,0
2019-08-08,48.7985725402832,-0.2417004380174383,0
2019-08-09,48.39643859863281,-0.7759721281168703,0
2019-08-12,48.27364730834961,-0.8492863260938985,0
2019-08-13,50.31795883178711,1.2459479712938992,1
2019-08-14,48.82025909423828,0.2091340065007436,0
2019-08-15,48.57704544067383,-0.7770372710360496,0
2019-08-16,49.72320938110352,-0.2285929950062687,0
2019-08-19,50.6502571105957,-0.48457295419378,0
2019-08-20,50.65265655517578,-0.8601644460492729,0
2019-08-21,51.20166778564453,-0.7086617983627242,0
2019-08-22,51.158321380615234,-0.8430654373673517,0
2019-08-23,48.793758392333984,1.372362878912445,1
2019-08-26,49.720794677734375,-0.2562954095267167,0
2019-08-27,49.15976333618164,-0.3853100106788974,0
2019-08-28,49.48963928222656,-0.5502293478222656,0
2019-08-29,50.32759475708008,-0.2987069275182948,0
2019-08-30,50.26256942749024,-0.6538418831503652,0
2019-09-03,49.53057861328125,-0.3210007988478603,0
2019-09-04,50.370941162109375,-0.5545246919249535,0
2019-09-05,51.35575866699219,-0.453920623039632,0
2019-09-06,51.3509521484375,-0.8972374090076184,0
2019-09-09,51.57007598876953,-0.8899476918302275,0
2019-09-10,52.17927551269531,-0.7308471103876959,0
2019-09-11,53.83830642700195,0.2490433404973682,0
2019-09-12,53.71791458129883,-0.9085702066296628,0
2019-09-13,52.67288589477539,-0.0449911252214068,0
2019-09-16,52.94979476928711,-0.9022750471733318,0
2019-09-17,53.14242172241211,-0.9531361879166482,0
2019-09-18,53.64086532592773,-0.8478846432831247,0
2019-09-19,53.20504379272461,-0.7798745176157618,0
2019-09-20,52.427284240722656,-0.4996988196393627,0
2019-09-23,52.66566848754883,-0.9338640194074328,0
2019-09-24,52.41525268554688,-0.8216120002594746,0
2019-09-25,53.22189331054688,-0.553633898633262,0
2019-09-26,52.947391510009766,-0.7366120475792229,0
2019-09-27,52.68974304199219,-0.7810119469650715,0
2019-09-30,53.92981719970703,0.0031367632900289,0
2019-10-01,54.0791130065918,-0.9484570103620884,0
2019-10-02,52.72345733642578,0.7399286034579363,1
2019-10-03,53.17133712768555,-0.8542025698858994,0
2019-10-04,54.66181945800781,0.3566050193464727,0
2019-10-07,54.67385482788086,-0.973231490692017,0
2019-10-08,54.03335571289063,-0.5999059445286834,0
2019-10-09,54.66663360595703,-0.7867488486147322,0
2019-10-10,55.40346145629883,-0.6008688013924229,0
2019-10-11,56.87709045410156,0.1686862807741066,0
2019-10-14,56.79523849487305,-0.9169866725887796,0
2019-10-15,56.662784576416016,-0.8951722893860223,0
2019-10-16,56.43404006958008,-0.8620760066275647,0
2019-10-17,56.65315628051758,-0.9623058981495946,0
2019-10-18,56.92525100708008,-0.9354603010782092,0
2019-10-21,57.9124870300293,-0.5001513612280581,0
2019-10-22,57.78004837036133,-0.8172015954056058,0
2019-10-23,58.55540084838867,-0.6493101195905977,0
2019-10-24,58.65171813964844,-0.8591151163731856,0
2019-10-25,59.37408828735352,-0.6760172643107607,0
2019-10-28,59.96883392333984,-0.5724491024904296,0
2019-10-29,58.58189010620117,0.8362141791286904,1
2019-10-30,58.57465744018555,-0.9108862845782092,0
2019-10-31,59.89900970458984,0.0483203970530336,0
2019-11-01,61.599002838134766,0.6039513349572826,0
2019-11-04,62.003509521484375,-0.6613481852983166,0
2019-11-05,61.91442489624024,-0.5235340026284434,0
2019-11-06,61.9409065246582,-0.4305348375432385,0
2019-11-07,62.655799865722656,-0.4511947570111082,0
2019-11-08,62.8272705078125,-0.6250972576764164,0
2019-11-11,63.32477188110352,-0.7078368100680706,0
2019-11-12,63.26681518554688,-0.5734662041220329,0
2019-11-13,63.87301254272461,-0.5586335808165905,0
2019-11-14,63.43104934692383,-0.0864405244626894,0
2019-11-15,64.18457794189453,-0.4836330511161307,0
2019-11-18,64.50819396972656,-0.5929085539153522,0
2019-11-19,64.31257629394531,-0.4689928572536226,0
2019-11-20,63.56388473510742,0.0776820684898111,0
2019-11-21,63.27889633178711,-0.6469351969458773,0
2019-11-22,63.22335052490234,-0.8217403871053586,0
2019-11-25,64.33189392089844,-0.2898569107275596,0
2019-11-26,63.82956314086914,-0.5466289457000292,0
2019-11-27,64.6869125366211,-0.4033844539875325,0
2019-11-29,64.54443359375,-0.5271053408844285,0
2019-12-02,63.79814529418945,0.0089090479678465,0
2019-12-03,62.66061401367188,0.9137637534348168,1
2019-12-04,63.21367263793945,-0.3280684757230452,0
2019-12-05,64.1410903930664,-0.0714285836093243,0
2019-12-06,65.38007354736328,0.1012426370232467,0
2019-12-09,64.4647445678711,-0.0747773990602587,0
2019-12-10,64.84149169921875,-0.7763952775971033,0
2019-12-11,65.39454650878906,-0.6842702861114588,0
2019-12-12,65.5611801147461,-0.859929351216903,0
2019-12-13,66.45236206054688,-0.4841391809750747,0
2019-12-16,67.58992004394531,-0.2619178196639787,0
2019-12-17,67.72271728515625,-0.8816588186838359,0
2019-12-18,67.56090545654297,-0.8288517186119633,0
2019-12-19,67.62854766845703,-0.863404078378115,0
2019-12-20,67.48847961425781,-0.7986269702323385,0
2019-12-23,68.58978271484375,-0.3441710277829375,0
2019-12-24,68.65496826171875,-0.8182128024577023,0
2019-12-26,70.01713562011719,-0.0294894245061311,0
2019-12-27,69.99053955078125,-0.723948209365115,0
2019-12-30,70.40595245361328,-0.8173605241918509,0
2019-12-31,70.92037200927734,-0.7443222537358627,0
2020-01-02,72.53852844238281,0.3665862495709042,0
2020-01-03,71.83328247070312,0.7344694422540402,1
2020-01-06,72.40568542480469,-0.3963411798834578,0
2020-01-07,72.0651626586914,-0.0842914316339702,0
2020-01-08,73.22439575195312,-0.1268772371007481,0
2020-01-09,74.7797622680664,0.7928455804430811,1
2020-01-10,74.94880676269531,-0.0564430767978049,0
2020-01-13,76.550048828125,0.6688662147444114,1
2020-01-14,75.51636505126953,1.0847410263687955,1
2020-01-15,75.19274139404297,-0.190946759965268,0
2020-01-16,76.13465881347656,-0.4700024320916672,0
2020-01-17,76.97753143310547,-0.4571528411608737,0
2020-01-21,76.45586395263672,-0.0552570399307853,0
2020-01-22,76.72877502441406,-0.5709294587562891,0
2020-01-23,77.09829711914062,-0.511784293153331,0
2020-01-24,76.87606811523438,-0.4007404532963393,0
2020-01-27,74.61554718017578,1.891087380324998,1
2020-01-28,76.72636413574219,0.4024887836876457,0
2020-01-29,78.3323974609375,-0.3295897586590203,0
2020-01-30,78.21890258789062,-0.8131563391277562,0
2020-01-31,74.75078582763672,2.264216249365357,1
2020-02-03,74.54550170898438,-0.9403343321909444,0
2020-02-04,77.00653839111328,0.3479593138875281,0
2020-02-05,77.63445281982422,-0.8638735753836835,0
2020-02-06,78.54252624511719,-0.7627382559350002,0
2020-02-07,77.47491455078125,-0.4953235044923607,0
2020-02-10,77.84290313720703,-0.9232293400626954,0
2020-02-11,77.37325286865234,-0.8402863701665942,0
2020-02-12,79.21070098876953,-0.284327211521068,0
2020-02-13,78.6466293334961,-0.8177156908348248,0
2020-02-14,78.66600799560547,-0.9486597398393148,0
2020-02-18,77.2255630493164,-0.351066961246719,0
2020-02-19,78.34403228759766,-0.6523465697210435,0
2020-02-20,77.540283203125,-0.6972430472627023,0
2020-02-21,75.7851791381836,-0.1792095674352791,0
2020-02-24,72.18533325195312,1.490255201083008,1
2020-02-25,69.74027252197266,0.5359256216242966,0
2020-02-26,70.84659576416016,-0.2739216245111919,0
2020-02-27,66.21549224853516,2.634273310907969,1
2020-02-28,66.17675018310547,0.5245088705460014,0
2020-03-02,72.33786010742188,3.889435436648357,1
2020-03-03,70.04045104980469,0.9085356387195448,1
2020-03-04,73.28924560546875,1.6902129880862082,1
2020-03-05,70.91197967529297,1.098733400880833,1
2020-03-06,69.97024536132812,0.7026838792115228,1
2020-03-09,64.4361801147461,3.046294539027439,1
2020-03-10,69.07695770263672,3.3025588655567044,1
2020-03-11,66.67789459228516,1.972125574017057,1
2020-03-12,60.09312438964844,3.7194565120620138,1
2020-03-13,67.29278564453125,4.560533303421152,1
2020-03-16,58.63576889038086,4.207396825426112,1
2020-03-17,61.21397018432617,3.868814646316302,1
2020-03-18,59.71546936035156,3.3229613088376766,1
2020-03-19,59.25792694091797,3.279139306352349,1
2020-03-20,55.49590301513672,4.096095151164057,1
2020-03-23,54.31693649291992,3.710347617521701,1
2020-03-24,59.76629638671875,4.6754351761161255,1
2020-03-25,59.43708038330078,2.8295560262080843,1
2020-03-26,62.56481170654297,3.649798035218384,1
2020-03-27,59.97449493408203,3.303953056527549,1
2020-03-30,61.68605041503906,3.042474253440503,1
2020-03-31,61.56016159057617,2.6211304408733005,1
2020-04-01,58.321044921875,3.4543422344629384,1
2020-04-02,59.29423141479492,3.1122024523157705,1
2020-04-03,58.44209671020508,2.7894812901566577,1
2020-04-06,63.54043960571289,4.127606081319095,1
2020-04-07,62.80449295043945,2.5702545363114977,1
2020-04-08,64.41193389892578,2.705330997452233,1
2020-04-09,64.8767318725586,2.28512224535189,1
2020-04-13,66.15013122558594,2.441429553432199,1
2020-04-14,69.49090576171875,2.728976830624996,1
2020-04-15,68.85665130615234,2.027510323355263,1
2020-04-16,69.40376281738281,1.4269283634927448,1
2020-04-17,68.46204376220703,1.9247637614311093,1
2020-04-20,67.0409927368164,2.067717770614097,1
2020-04-21,64.96873474121094,2.622643524432491,1
2020-04-22,66.84007263183594,2.25378745416094,1
2020-04-23,66.58102416992188,0.5282446946527813,0
2020-04-24,68.50321960449219,1.2433362929088831,1
2020-04-27,68.55162811279297,0.200305853225301,0
2020-04-28,67.4404296875,0.722788959512424,1
2020-04-29,69.6555404663086,0.9221449388968834,1
2020-04-30,71.12500762939453,0.6796364985337077,1
2020-05-01,69.97993469238281,1.3820032236909925,1
2020-05-04,70.97005462646484,0.6373844165103284,1
2020-05-05,72.03522491455078,0.9524951983444692,1
2020-05-06,72.77845001220703,-0.4315376797345536,0
2020-05-07,73.5313491821289,-0.2359595205712906,0
2020-05-08,75.28150939941406,0.1217140811828856,0
2020-05-11,76.46610260009766,-0.0152209412463543,0
2020-05-12,75.59221649169922,-0.0674828077742263,0
2020-05-13,74.67951202392578,-0.5531982918953766,0
2020-05-14,75.13829803466797,-0.8674642463097686,0
2020-05-15,74.6940689086914,-0.8277691620413538,0
2020-05-18,76.45394134521484,-0.3085720904001764,0
2020-05-19,76.01215362548828,-0.4641454973919749,0
2020-05-20,77.4904556274414,0.1659973345363225,0
2020-05-21,76.9127197265625,-0.1600505818948055,0
2020-05-22,77.4079360961914,-0.4815519411336583,0
2020-05-26,76.88361358642578,-0.4655942350619574,0
2020-05-27,77.21858215332031,-0.7817662046062009,0
2020-05-28,77.25257110595703,-0.5243831587634864,0
2020-05-29,77.17730712890625,-0.7784603326180196,0
2020-06-01,78.12644958496094,-0.6586207912278306,0
2020-06-02,78.48811340332031,-0.711194212799449,0
2020-06-03,78.92020416259766,-0.7688093179742703,0
2020-06-04,78.24053192138672,-0.2958110593984351,0
2020-06-05,80.46890258789062,0.7200645570669267,1
2020-06-08,80.94466400146484,-0.8316352110844278,0
2020-06-09,83.50074005126953,1.0029103808344262,1
2020-06-10,85.64900207519531,0.1447754852311285,0
2020-06-11,81.5369644165039,2.882608093701113,1
2020-06-12,82.24091339111328,-0.8297459624140713,0
2020-06-15,83.25800323486328,-0.6980486993085636,0
2020-06-16,85.46450805664062,-0.0070222677088963,0
2020-06-17,85.34559631347656,-0.7565700578298333,0
2020-06-18,85.37957763671875,-0.7134862197693499,0
2020-06-19,84.89166259765625,-0.7517880247435262,0
2020-06-22,87.11275482177734,-0.0868327872374925,0
2020-06-23,88.97212982177734,-0.1689925067680442,0
2020-06-24,87.40162658691406,0.2635200544700143,0
2020-06-25,88.56192016601562,-0.4009158090098758,0
2020-06-26,85.84078216552734,1.0491316920959806,1
2020-06-29,87.81910705566406,-0.1443707700261886,0
2020-06-30,88.55219268798828,-0.5712473551632404,0
2020-07-01,88.38471221923828,-0.577777658609448,0
2020-07-02,88.38471221923828,-0.6732595457346493,0
2020-07-06,90.74900817871094,0.1495386989829928,0
2020-07-07,90.46745300292967,-0.557263022166428,0
2020-07-08,92.57442474365234,-0.0943763857283208,0
2020-07-09,92.97254943847656,-0.7532085246500146,0
2020-07-10,93.13517761230467,-0.8554109073121041,0
2020-07-13,92.70552825927734,-0.4499938561247414,0
2020-07-14,94.23963165283205,-0.4009298084109839,0
2020-07-15,94.88775634765624,-0.689313665228099,0
2020-07-16,93.72017669677734,-0.3574346291322783,0
2020-07-17,93.53084564208984,-0.8708432707610808,0
2020-07-20,95.50189971923828,-0.363583345189774,0
2020-07-21,94.18379974365234,-0.1593515063833007,0
2020-07-22,94.44840240478516,-0.971586546576998,0
2020-07-23,90.14944458007812,2.0578180945421223,1
2020-07-24,89.92611694335938,-0.9377626446641008,0
2020-07-27,92.05741119384766,-0.2955570025606812,0
2020-07-28,90.54511260986328,-0.3497658901854183,0
2020-07-29,92.28070831298828,-0.5500342358666032,0
2020-07-30,93.39733123779295,-0.7782656521649006,0
2020-07-31,103.17496490478516,3.885928813739382,1
2020-08-03,105.77471923828124,0.8847532165069135,1
2020-08-04,106.48110961914062,0.3557617442663557,0
2020-08-05,106.86708068847656,0.4328377621802467,0
2020-08-06,110.59556579589844,1.159853049929503,1
2020-08-07,108.08110809326172,1.2680734878042694,1
2020-08-10,109.65204620361328,0.5609314268894856,0
2020-08-11,106.39100646972656,1.621483894435707,1
2020-08-12,109.92684173583984,1.1230739480200589,1
2020-08-13,111.87227630615234,0.7752904141374798,1
2020-08-14,111.7725601196289,0.793324092311588,1
2020-08-17,111.48075103759766,0.851750473228022,1
2020-08-18,112.40970611572266,0.6471629154721711,1
2020-08-19,112.55074310302734,0.7620276106203322,1
2020-08-20,115.04821014404295,1.1281625185693416,1
2020-08-21,120.97692108154295,2.7781103980416044,1
2020-08-24,122.42383575439452,2.0192425103068845,1
2020-08-25,121.41949462890624,2.1258520045439475,1
2020-08-26,123.0706787109375,2.017218770705361,1
2020-08-27,121.59944915771484,2.2788895278579493,1
2020-08-28,121.40248107910156,1.7268679056994811,1
2020-08-31,125.51950073242188,1.046247488885791,1
2020-09-01,130.51927185058594,1.5297826550903169,1
2020-09-02,127.81510162353516,1.262739505018763,1
2020-09-03,117.58211517333984,3.8218898940805137,1
2020-09-04,117.65995025634766,-0.2598969302259382,0
2020-09-08,109.74203491210938,2.773703907420709,1
2020-09-09,114.11924743652344,1.2745012092853285,1
2020-09-10,110.39373016357422,1.2218864602721993,1
2020-09-11,108.94437408447266,0.2966739531470641,0
2020-09-14,112.21271514892578,0.8182546636219535,1
2020-09-15,112.38780975341795,0.1123881609815892,0
2020-09-16,109.07083129882812,0.9481608454841918,1
2020-09-17,107.32967376708984,0.4912291803355135,0
2020-09-18,103.9251708984375,1.1520987748954314,1
2020-09-21,107.0767822265625,1.1922282890623603,1
2020-09-22,108.75957489013672,0.612233666590773,1
2020-09-23,104.19752502441406,1.6845427354277804,1
2020-09-24,105.26751708984376,0.827636490211019,1
2020-09-25,109.21676635742188,1.8174739132028768,1
2020-09-28,111.82362365722656,1.0696160249824167,1
2020-09-29,110.97736358642578,0.5531069252596366,0
2020-09-30,112.6504364013672,0.8004730655575126,1
2020-10-01,113.60370635986328,0.7227931135757143,1
2020-10-02,109.9365692138672,1.2432735380327369,1
2020-10-05,113.32161712646484,0.7321968196260183,1
2020-10-06,110.07275390625,0.6320853029081621,1
2020-10-07,111.94034576416016,-0.1532197910213372,0
2020-10-08,111.8333740234375,-0.537362520222686,0
2020-10-09,113.77879333496094,-0.3158816672646261,0
2020-10-12,121.0060806274414,2.3431598396575963,1
2020-10-13,117.79611206054688,0.5622087606078756,0
2020-10-14,117.8836669921875,-0.3384122087626857,0
2020-10-15,117.41676330566406,-0.2979032316079534,0
2020-10-16,115.77287292480467,0.0776398819045907,0
2020-10-19,112.8158187866211,0.6674769528571567,1
2020-10-20,114.3040771484375,-0.2791319728297202,0
2020-10-21,113.68152618408205,-0.4163767983342854,0
2020-10-22,112.5920867919922,-0.3222585223376303,0
2020-10-23,111.90145111083984,-0.4859812825138681,0
2020-10-26,111.91120147705078,-0.7412145918058627,0
2020-10-27,113.41889190673828,-0.5765413774845021,0
2020-10-28,108.16620635986328,1.3836412409967842,1
2020-10-29,112.17381286621094,0.7814645232512935,1
2020-10-30,105.89004516601562,2.035843202955692,1
2020-11-02,105.802490234375,-0.2671529627586221,0
2020-11-03,107.42694091796876,-0.0088629223388622,0
2020-11-04,111.81389617919922,1.058308234358989,1
2020-11-05,115.7825927734375,0.7476033531876225,1
2020-11-06,115.65104675292967,-0.3091498852263654,0
2020-11-09,113.34174346923828,0.2140209726171286,0
2020-11-10,113.00069427490234,-0.3334736010805647,0
2020-11-11,116.43055725097656,0.3983368496288485,0
2020-11-12,116.1577377319336,-0.5564073279697677,0
2020-11-13,116.20647430419922,-0.5379592108886747,0
2020-11-16,117.21983337402344,-0.5048824706711017,0
2020-11-17,116.33313751220705,-0.4616117052327068,0
2020-11-18,115.00794982910156,-0.4078612304526135,0
2020-11-19,115.60232543945312,-0.5735269355248451,0
2020-11-20,114.33563232421876,-0.4132286437459032,0
2020-11-23,110.93498229980467,0.4286395365893447,0
2020-11-24,112.22119140625,-0.3995281473827863,0
2020-11-25,113.05916595458984,-0.4942785936563707,0
2020-11-27,113.6048355102539,-0.6300634233348376,0
2020-11-30,116.0018539428711,-0.3648596636721039,0
2020-12-01,119.57786560058594,0.2293219179525701,0
2020-12-02,119.9286651611328,-0.6597619828235828,0
2020-12-03,119.7922592163086,-0.7701540512223906,0
2020-12-04,119.11988830566406,-0.8485779176881603,0
2020-12-07,120.5814971923828,-0.7478485492091445,0
2020-12-08,121.19538116455078,-0.944686659194702,0
2020-12-09,118.6619110107422,0.0615911257633648,0
2020-12-10,120.08456420898438,-0.7854652233921626,0
2020-12-11,119.27581787109376,-0.7934133618609683,0
2020-12-14,118.6619110107422,-0.8461158479955332,0
2020-12-15,124.6057586669922,2.2358440138701936,1
2020-12-16,124.53753662109376,-0.9546622058634404,0
2020-12-17,125.40477752685548,-0.90988481464546,0
2020-12-18,123.41699981689452,-0.3367137523100086,0
2020-12-21,124.94678497314452,-0.7491217257151243,0
2020-12-22,128.50335693359375,0.0575919769906618,0
2020-12-23,127.6069107055664,-0.22816606589929,0
2020-12-24,128.59104919433594,-0.601534965201407,0
2020-12-28,133.19020080566406,0.979619720755336,1
2020-12-29,131.41676330566406,0.2896511744429176,0
2020-12-30,130.29624938964844,-0.4082370293043725,0
2020-12-31,129.29257202148438,-0.7273424271659515,0
2021-01-04,126.09656524658205,0.122248103394563,0
2021-01-05,127.65559387207033,-0.7652691831403327,0
2021-01-06,123.3585205078125,0.6373241108978307,1
2021-01-07,127.56790924072266,0.3761780598952574,0
2021-01-08,128.6690216064453,-0.7490342166510057,0
2021-01-11,125.67756652832033,-0.0461733557791615,0
2021-01-12,125.50221252441406,-0.8483314434906238,0
2021-01-13,127.5386962890625,-0.5500868292653819,0
2021-01-14,125.60939025878906,-0.39011659127898,0
2021-01-15,123.88469696044922,-0.5368856283082762,0
2021-01-19,124.5570297241211,-0.7782884398800924,0
2021-01-20,128.6494903564453,0.4012619167997622,0
2021-01-21,133.36557006835938,0.5728541197837496,0
2021-01-22,135.50929260253906,-0.4936572949060741,0
2021-01-25,139.2606658935547,-0.0392511582526291,0
2021-01-26,139.49453735351562,-0.7316622372040972,0
2021-01-27,138.4226837158203,-0.648473858631683,0
2021-01-28,133.57992553710938,0.6279654457285705,1
2021-01-29,128.58131408691406,0.7534980189005276,1
2021-02-01,130.7054901123047,-0.3610276698656308,0
2021-02-02,131.53372192382812,-0.6199538643025906,0
2021-02-03,130.51063537597656,-0.5787072203652148,0
2021-02-04,133.87225341796875,-0.0588187592166171,0
2021-02-05,133.45750427246094,-0.7266285320744162,0
2021-02-08,133.60391235351562,-0.8939672543616584,0
2021-02-09,132.7256317138672,-0.7622110573660789,0
2021-02-10,132.12060546875,-0.8676616247138477,0
2021-02-11,131.86685180664062,-0.91047829950222,0
2021-02-12,132.10108947753906,-0.8886034844612674,0
2021-02-16,129.9736785888672,-0.4214167747233411,0
2021-02-17,127.68045043945312,-0.3675936158158517,0
2021-02-18,126.57778930664062,-0.773178952987246,0
2021-02-19,126.73388671875,-0.7943037360892472,0
2021-02-22,122.95736694335938,0.5044575384146741,0
2021-02-23,122.82072448730467,-0.1967746890171369,0
2021-02-24,122.3230438232422,0.0496829869182707,0
2021-02-25,118.06832885742188,1.4678346965642477,1
2021-02-26,118.33182525634766,0.5478214321393566,0
2021-03-01,124.70413970947266,2.923516934541556,1
2021-03-02,122.09861755371094,-0.1545627994654367,0
2021-03-03,119.1125030517578,0.127256449675043,0
2021-03-04,117.22908782958984,0.1290192034152399,0
2021-03-05,118.48796081542967,-0.0669679657547138,0
2021-03-08,113.55014038085938,1.567027035861977,1
2021-03-09,118.16592407226562,2.0273702756659864,1
2021-03-10,117.0827178955078,0.0109087075580551,0
2021-03-11,119.0149154663086,0.2332974176071339,0
2021-03-12,118.1073760986328,-0.0991590536851836,0
2021-03-15,120.99588775634766,0.48293663590468,0
2021-03-16,122.5377426147461,-0.0925073887375384,0
2021-03-17,121.74729919433594,-0.3529029469929722,0
2021-03-18,117.61944580078124,0.5801372721377036,0
2021-03-19,117.09249877929688,-0.2861391992339018,0
2021-03-22,120.4103775024414,0.5144948321452029,0
2021-03-23,119.5809097290039,-0.4688135243461245,0
2021-03-24,117.19007110595705,-0.0309319740982365,0
2021-03-25,117.677978515625,-0.3878774285957641,0
2021-03-26,118.28302764892578,-0.5862165554956732,0
2021-03-29,118.45867156982422,-0.6060182113396221,0
2021-03-30,117.00465393066406,-0.3561362283422349,0
2021-03-31,119.20033264160156,-0.3586427749687282,0
2021-04-01,120.02979278564452,-0.8113095487165255,0
2021-04-05,122.8597640991211,-0.3569423433068802,0
2021-04-06,123.16230010986328,-0.8775339077198205,0
2021-04-07,124.8114776611328,-0.6995422062124992,0
2021-04-08,127.21209716796876,-0.5248766821909202,0
2021-04-09,129.78826904296875,-0.4475932765641219,0
2021-04-12,128.07080078125,-0.4481975422921404,0
2021-04-13,131.1837615966797,-0.2240488587643863,0
2021-04-14,128.8417510986328,-0.2395381833110748,0
2021-04-15,131.25209045410156,-0.5696013955009971,0
2021-04-16,130.9203338623047,-0.9360973734715052,0
2021-04-19,131.58387756347656,-0.847407401103417,0
2021-04-20,129.89564514160156,-0.2165334449326412,0
2021-04-21,130.27622985839844,-0.9791184129075672,0
2021-04-22,128.75393676757812,-0.4912243173503853,0
2021-04-23,131.076416015625,-0.4523639396142321,0
2021-04-26,131.46676635742188,-0.8306835117178636,0
2021-04-27,131.14476013183594,-0.7640536508974968,0
2021-04-28,130.35430908203125,-0.629626140622539,0
2021-04-29,130.25674438476562,-0.7834481669230046,0
2021-04-30,128.28550720214844,-0.1684049497923345,0
2021-05-03,129.33938598632812,-0.8597417520510675,0
2021-05-04,124.7626953125,1.4671467114864063,1
2021-05-05,125.00664520263672,-0.92921066949296,0
2021-05-06,126.60704803466795,-0.6360659931970107,0
2021-05-07,127.2815170288086,-0.7964567659984414,0
2021-05-10,123.99708557128906,0.3065210156221868,0
2021-05-11,123.07823181152344,-0.6120872080571059,0
2021-05-12,120.00885009765624,0.4604376952775951,0
2021-05-13,122.15936279296876,0.1259779835996649,0
2021-05-14,124.5835952758789,0.2580202301535295,0
2021-05-17,123.4301300048828,-0.4356085636023449,0
2021-05-18,122.04206085205078,-0.2669863882510144,0
2021-05-19,121.88567352294922,-0.4848412652022691,0
2021-05-20,124.44674682617188,0.1984853862879363,0
2021-05-21,122.60902404785156,-0.3324744142230553,0
2021-05-24,124.241455078125,-0.2699717521591003,0
2021-05-25,124.04595947265624,-0.584896478269105,0
2021-05-26,123.99708557128906,-0.5782458843064688,0
2021-05-27,122.46239471435548,-0.3278050375269007,0
2021-05-28,121.8074722290039,-0.5244262518682304,0
2021-06-01,121.48490142822266,-0.6352186476068498,0
2021-06-02,122.24732971191406,-0.4841602726814777,0
2021-06-03,120.76154327392578,-0.4291682746976358,0
2021-06-04,123.05867767333984,-0.0766474706088764,0
2021-06-07,123.06844329833984,-0.7282404480996763,0
2021-06-08,123.88957977294922,-0.6375217901592183,0
2021-06-09,124.27078247070312,-0.7929242846631462,0
2021-06-10,123.2737274169922,-0.6783905299388413,0
2021-06-11,124.48585510253906,-0.6578470001351358,0
2021-06-14,127.54541778564452,0.4951375124649363,0
2021-06-15,126.72433471679688,-0.6692569392212946,0
2021-06-16,127.22286987304688,-0.8205321695193151,0
2021-06-17,128.8259735107422,-0.535201781003076,0
2021-06-18,127.52590942382812,-0.4016536218305789,0
2021-06-21,129.3245086669922,-0.4024403773345642,0
2021-06-22,130.96673583984375,-0.489142799123709,0
2021-06-23,130.69302368164062,-0.7592356817890226,0
2021-06-24,130.40953063964844,-0.7690557996231909,0
2021-06-25,130.11630249023438,-0.7610707224790436,0
2021-06-28,131.7487335205078,-0.4408949161705193,0
2021-06-29,133.2638702392578,-0.5462198528986758,0
2021-06-30,133.87973022460938,-0.6894482230017085,0
2021-07-01,134.18272399902344,-0.678182466165828,0
2021-07-02,136.81224060058594,0.3483768790699275,0
2021-07-06,138.825927734375,-0.1283513092947805,0
2021-07-07,141.3185272216797,0.2572597527802652,0
2021-07-08,140.01849365234375,0.3486655099591271,0
2021-07-09,141.84642028808594,-0.2641830280645789,0
2021-07-12,141.2501220703125,0.0971481251583077,0
2021-07-13,142.364501953125,-0.4182184017823909,0
2021-07-14,145.79554748535156,0.8200322768322136,1
2021-07-15,145.14060974121094,0.1550341058663983,0
2021-07-16,143.09762573242188,0.7828143193511149,1
2021-07-19,139.24623107910156,1.5290341964961598,1
2021-07-20,142.86302185058594,0.19323322335714,0
2021-07-21,142.1298828125,-0.6622609989967839,0
2021-07-22,143.49839782714844,-0.8117562968919891,0
2021-07-23,145.21878051757812,-0.7245842063874406,0
2021-07-26,145.63916015625,-0.8339562379007438,0
2021-07-27,143.46910095214844,0.0487391688979596,0
2021-07-28,141.7193145751953,-0.449956941918785,0
2021-07-29,142.364501953125,-0.9720493828710884,0
2021-07-30,142.5795440673828,-0.9620610132781048,0
2021-08-02,142.24720764160156,-0.9335043070940172,0
2021-08-03,144.0458221435547,-0.6907912763055476,0
2021-08-04,143.64501953125,-0.904018455586901,0
2021-08-05,143.7525634765625,-0.910166956566885,0
2021-08-06,143.06729125976562,-0.846060162795903,0
2021-08-09,143.01832580566406,-0.8470257103845511,0
2021-08-10,142.5386505126953,-0.8006815612181115,0
2021-08-11,142.79318237304688,-0.8072337345641648,0
2021-08-12,145.75946044921875,0.3674855620272562,0
2021-08-13,145.96507263183594,-0.7822640482195913,0
2021-08-16,147.9425506591797,-0.498749523228678,0
2021-08-17,147.03216552734375,-0.4956519278944569,0
2021-08-18,143.28265380859375,1.643655871547972,1
2021-08-19,143.61549377441406,-0.6840521087062299,0
2021-08-20,145.0741729736328,-0.3592949888879074,0
2021-08-23,146.5622100830078,-0.3252873000222841,0
2021-08-24,146.47410583496094,-0.6901946462580906,0
2021-08-25,145.2406005859375,-0.3590705672799761,0
2021-08-26,144.43780517578125,-0.5144378226959032,0
2021-08-27,145.47557067871094,-0.5368178679430368,0
2021-08-30,149.9005126953125,1.41774548526981,1
2021-08-31,148.63766479492188,-0.569294004379542,0
2021-09-01,149.3033447265625,-0.84120813951012,0
2021-09-02,150.41940307617188,-0.7816151914797645,0
2021-09-03,151.0557098388672,-0.868440317625772,0
2021-09-07,153.39547729492188,-0.4720323796843562,0
2021-09-08,151.84869384765625,-0.4717158002846754,0
2021-09-09,150.83053588867188,-0.6765797827906934,0
2021-09-10,145.83778381347656,1.3618979807753433,1
2021-09-13,146.4055938720703,-0.8429995062628798,0
2021-09-14,145.005615234375,-0.658440958501998,0
2021-09-15,145.89649963378906,-0.6976599551855706,0
2021-09-16,145.66156005859375,-0.8185487301739485,0
2021-09-17,142.9889373779297,-0.0791894592286206,0
2021-09-20,139.93458557128906,0.0916531141132914,0
2021-09-21,140.41427612304688,-0.6358957908441362,0
2021-09-22,142.78335571289062,-0.1238354985517766,0
2021-09-23,143.74278259277344,-0.688276246470565,0
2021-09-24,143.83087158203125,-0.8036089934754216,0
2021-09-27,142.31344604492188,-0.5664348291139193,0
2021-09-28,138.9262237548828,0.1615472674372434,0
2021-09-29,139.826904296875,-0.2501749762358779,0
2021-09-30,138.5248565673828,-0.3071420541668572,0
2021-10-01,139.65065002441406,-0.2205347675031942,0
2021-10-04,136.21444702148438,0.5377229139379509,0
2021-10-05,138.14305114746094,0.3606116535343767,0
2021-10-06,139.01431274414062,0.0321444498498806,0
2021-10-07,140.27719116210938,-0.079895158274337,0
2021-10-08,139.89540100097656,-0.4154540705901021,0
2021-10-11,139.8073272705078,-0.5310318240996301,0
2021-10-12,138.53460693359375,-0.3369503342789864,0
2021-10-13,137.94725036621094,-0.4959517152429519,0
2021-10-14,140.73731994628906,0.4275637677756821,0
2021-10-15,141.79464721679688,-0.5890252718381405,0
2021-10-18,143.4686737060547,-0.5185694497844728,0
2021-10-19,145.6322021484375,-0.4853337071661074,0
2021-10-20,146.12168884277344,-0.9122950073025996,0
2021-10-21,146.33705139160156,-0.8682908604752025,0
2021-10-22,145.56365966796875,-0.7390392148495982,0
2021-10-25,145.5146942138672,-0.8365364360126674,0
2021-10-26,146.18045043945312,-0.8080017361250641,0
2021-10-27,145.72030639648438,-0.6776767222355541,0
2021-10-28,149.36207580566406,0.6769876593338604,1
2021-10-29,146.6503448486328,0.318024268719887,0
2021-11-01,145.82797241210938,-0.7724221137002784,0
2021-11-02,146.86570739746094,-0.7015058273968086,0
2021-11-03,148.30482482910156,-0.5882812929313049,0
2021-11-04,147.7859344482422,-0.6074672351497076,0
2021-11-05,148.3153533935547,-0.7839763793700012,0
2021-11-08,147.4918212890625,-0.5259219591823118,0
2021-11-09,147.85455322265625,-0.780810746369548,0
2021-11-10,145.0211944580078,0.6493400167472875,1
2021-11-11,144.97215270996094,-0.8556068488159143,0
2021-11-12,147.05062866210938,-0.3182068399226014,0
2021-11-15,147.0604248046875,-0.7892658411489184,0
2021-11-16,148.04086303710938,-0.6250085888185773,0
2021-11-17,150.4820098876953,-0.001297963774129,0
2021-11-18,154.77622985839844,1.0647774216244876,1
2021-11-19,157.4036865234375,-0.4259242248845433,0
2021-11-22,157.86451721191406,-0.8932206302333126,0
2021-11-23,158.24684143066406,-0.889553211996105,0
2021-11-24,158.7664337158203,-0.902147715326432,0
2021-11-26,153.7369842529297,1.529811515928619,1
2021-11-29,157.09976196289062,-0.1796620052379733,0
2021-11-30,162.06060791015625,0.6194805407009687,1
2021-12-01,161.54098510742188,-0.7589466355517188,0
2021-12-02,160.55078125,-0.7266115505635325,0
2021-12-03,158.6683807373047,-0.5480892823372476,0
2021-12-06,162.08023071289062,-0.3692878276813621,0
2021-12-07,167.8253631591797,0.7767511663342309,1
2021-12-08,171.64892578125,-0.0422093191902105,0
2021-12-09,171.13912963867188,-0.3951312081041193,0
2021-12-10,175.93331909179688,0.733379882517994,1
2021-12-13,172.29600524902344,1.2964999675678308,1
2021-12-14,170.9136505126953,0.0277518055929418,0
2021-12-15,175.7862548828125,0.4812931291789373,0
2021-12-16,168.8842315673828,2.047772705625891,1
2021-12-17,167.7861328125,-0.4443640980431417,0
2021-12-20,166.42340087890625,-0.6758459110652718,0
2021-12-21,169.5999298095703,-0.4737730145303988,0
2021-12-22,172.1979522705078,-0.5400015963066935,0
2021-12-23,172.825439453125,-0.7665655285274005,0
2021-12-27,176.79605102539062,-0.2020123721212497,0
2021-12-28,175.77639770507812,-0.352348091509183,0
2021-12-29,175.86468505859375,-0.6883765966216576,0
2021-12-30,174.70779418945312,-0.7679014583353561,0
2021-12-31,174.09017944335938,-0.8698719937757857,0
2022-01-03,178.44313049316406,-0.2385759861878504,0
2022-01-04,176.1783905029297,-0.2405909494136892,0
2022-01-05,171.4920654296875,0.2376526475569285,0
2022-01-06,168.62930297851562,-0.4249034403222157,0
2022-01-07,168.79595947265625,-0.7894993025836846,0
2022-01-10,168.8155975341797,-0.823385017411794,0
2022-01-11,171.64892578125,-0.3771489847322626,0
2022-01-12,172.09011840820312,-0.8621607591108453,0
2022-01-13,168.8155975341797,-0.2745668536579542,0
2022-01-14,169.6783447265625,-0.6425199032483982,0
2022-01-18,166.47242736816406,-0.1763640145232801,0
2022-01-19,162.9723663330078,-0.0615316155715058,0
2022-01-20,161.28607177734375,-0.5613987750438117,0
2022-01-21,159.2272186279297,-0.2710198154781468,0
2022-01-24,158.4527130126953,-0.3328628910456687,0
2022-01-25,156.64881896972656,-0.0224307796732224,0
2022-01-26,156.560546875,0.1935006872707475,0
2022-01-27,156.09974670410156,0.1143666156820746,0
2022-01-28,166.9920196533203,3.858182932616484,1
2022-01-31,171.35484313964844,0.0554937575373796,0
2022-02-01,171.18812561035156,-0.7509275595556435,0
2022-02-02,172.39404296875,-0.6209709577627414,0
2022-02-03,169.5116424560547,-0.3736807770581872,0
2022-02-04,169.22698974609375,-0.8320047433566349,0
2022-02-07,168.5103759765625,-0.8492874061768633,0
2022-02-08,171.6222381591797,-0.5008472290653673,0
2022-02-09,173.04562377929688,-0.8101553988267072,0
2022-02-10,168.96192932128906,-0.1645842623213412,0
2022-02-11,165.54579162597656,-0.2141986219144513,0
2022-02-14,165.78140258789062,-0.7437652952713085,0
2022-02-15,169.61964416503906,-0.2361700664937321,0
2022-02-16,169.38404846191406,-0.8680701368077922,0
2022-02-17,165.78140258789062,-0.2016115314827113,0
2022-02-18,164.2303924560547,-0.7107908020777953,0
2022-02-22,161.30506896972656,-0.3339054258257277,0
2022-02-23,157.13304138183594,-0.0335096891524898,0
2022-02-24,159.75405883789062,-0.5160166132250932,0
2022-02-25,161.8253173828125,-0.605894154723014,0
2022-02-28,162.09036254882812,-0.7508972320664269,0
2022-03-01,160.20559692382812,-0.5020816473140134,0
2022-03-02,163.5039520263672,0.2093167892993981,0
2022-03-03,163.17999267578125,-0.6551981034971984,0
2022-03-04,160.1761474609375,-0.0232266469730219,0
2022-03-07,156.37713623046875,0.1573058918113268,0
2022-03-08,154.55128479003906,-0.163931172051143,0
2022-03-09,159.96017456054688,1.2975100794633547,1
2022-03-10,155.61146545410156,0.2696442092469464,0
2022-03-11,151.89102172851562,0.4207425316118571,0
2022-03-14,147.85641479492188,0.5293490024471837,0
2022-03-15,152.24440002441406,0.9391004721223196,1
2022-03-16,156.66183471679688,0.5355382462624869,0
2022-03-17,157.67294311523438,-0.4098196697475854,0
2022-03-18,160.97128295898438,-0.1047239086382973,0
2022-03-21,162.34561157226562,-0.6762768167014744,0
2022-03-22,165.7224884033203,-0.3775106098367531,0
2022-03-23,167.08697509765625,-0.7912480535724612,0
2022-03-24,170.87619018554688,-0.3464554894674114,0
2022-03-25,171.51425170898438,-0.8745318512725254,0
2022-03-28,172.37808227539062,-0.8558800438394188,0
2022-03-29,175.6764373779297,-0.5056669427557533,0
2022-03-30,174.50827026367188,-0.6856857318747134,0
2022-03-31,171.40626525878906,-0.3592813112518472,0
2022-04-01,171.1117706298828,-0.8977753107094165,0
2022-04-04,175.1659698486328,-0.2985945701020752,0
2022-04-05,171.84800720214844,0.0525635812900131,0
2022-04-06,168.67727661132812,-0.0529751846892689,0
2022-04-07,168.98155212402344,-0.8922214790907266,0
2022-04-08,166.9691925048828,-0.5695305766725276,0
2022-04-11,162.70880126953125,0.3433997854387842,0
2022-04-12,164.58375549316406,-0.7137760774314224,0
2022-04-13,167.27349853515625,-0.6004721592857462,0
2022-04-14,162.25723266601562,0.6762162944345682,1
2022-04-18,162.04132080078125,-0.9680040029642796,0
2022-04-19,164.32852172851562,-0.6238392769385855,0
2022-04-20,164.16168212890625,-0.9186463025088748,0
2022-04-21,163.36651611328125,-0.7926722050536534,0
2022-04-22,158.8214569091797,0.3012296588838998,0
2022-04-25,159.89151000976562,-0.4207183650195303,0
2022-04-26,153.9230499267578,1.2326510697682078,1
2022-04-27,153.69728088378906,-0.0964078389283715,0
2022-04-28,160.63754272460938,2.332719176109701,1
2022-04-29,154.75746154785156,0.9492521620036528,1
2022-05-02,155.061767578125,-0.2153114592905389,0
2022-05-03,156.55386352539062,-0.1598108883059555,0
2022-05-04,162.97386169433594,1.5770078724884942,1
2022-05-05,153.8936004638672,1.9896955331300168,1
2022-05-06,154.62106323242188,-0.1456603519196958,0
2022-05-09,149.4893341064453,0.7742909971030183,1
2022-05-10,151.89788818359375,0.1556100818567949,0
2022-05-11,144.02334594726562,1.801834924315329,1
2022-05-12,140.14991760253906,0.8623627360173222,1
2022-05-13,144.62301635742188,1.4825498532145884,1
2022-05-16,143.07952880859375,0.2753860188696572,0
2022-05-17,146.7169952392578,0.7401419743366829,1
2022-05-18,138.43934631347656,2.168477662409425,1
2022-05-19,135.02801513671875,1.3564525838566166,1
2022-05-20,135.26393127441406,1.1062209723277765,1
2022-05-23,140.69064331054688,1.8237433715479048,1
2022-05-24,137.98709106445312,0.9467407346526604,1
2022-05-25,138.14443969726562,0.3477610795245626,0
2022-05-26,141.34930419921875,0.7861985587870188,1
2022-05-27,147.1102294921875,1.6037168692245771,1
2022-05-31,146.32373046875,0.074660279046349,0
2022-06-01,146.19593811035156,0.0729877842195827,0
2022-06-02,148.65370178222656,0.3520102113248121,0
2022-06-03,142.9222412109375,1.29839597880945,1
2022-06-06,143.66940307617188,-0.0731233443112604,0
2022-06-07,146.19593811035156,0.1628066379249731,0
2022-06-08,145.45864868164062,-0.2761341945625351,0
2022-06-09,140.2285614013672,0.955223486177554,1
2022-06-10,134.81173706054688,0.9937524169773028,1
2022-06-13,129.65048217773438,1.0203456717661743,1
2022-06-14,130.5155792236328,0.0558548512843576,0
2022-06-15,133.1404571533203,0.2895105689891915,0
2022-06-16,127.86123657226562,1.2393597829500214,1
2022-06-17,129.33590698242188,-0.1588331650555036,0
2022-06-21,133.57301330566406,0.5561775653404458,0
2022-06-22,133.06182861328125,-0.4088644424438881,0
2022-06-23,135.93246459960938,-0.0203057545000388,0
2022-06-24,139.26513671875,0.0048563297480547,0
2022-06-27,139.26513671875,-0.5551042033465352,0
2022-06-28,135.11648559570312,0.4075863681563398,0
2022-06-29,136.87625122070312,-0.1096094518190718,0
2022-06-30,134.40863037109375,0.09507981843397,0
2022-07-01,136.58128356933594,-0.0412363624778951,0
2022-07-05,139.1668243408203,0.0372033043456842,0
2022-07-06,140.5038299560547,-0.4796117423516789,0
2022-07-07,143.87583923339844,-0.0420474051654102,0
2022-07-08,144.55418395996094,-0.5723215375099462,0
2022-07-11,142.4208526611328,-0.2421624388769131,0
2022-07-12,143.39410400390625,-0.6675952449977284,0
2022-07-13,143.03041076660156,-0.845649041371426,0
2022-07-14,145.9600067138672,-0.3625272586922303,0
2022-07-15,147.63128662109375,-0.5493236746268327,0
2022-07-18,144.58370971679688,0.0180955508832606,0
2022-07-19,148.447265625,0.1736056447756635,0
2022-07-20,150.45274353027344,-0.2839614340300334,0
2022-07-21,152.72369384765625,-0.4415439667882798,0
2022-07-22,151.4849853515625,-0.2798990317414645,0
2022-07-25,150.36428833007812,-0.5821499758971512,0
2022-07-26,149.037109375,-0.6920564999704428,0
2022-07-27,154.13934326171875,0.563013113733609,0
2022-07-28,154.6898956298828,-0.6429751666048792,0
2022-07-29,159.7626495361328,0.7009835163355117,1
2022-08-01,158.77955627441406,0.2140868868728868,0
2022-08-02,157.304931640625,-0.0706856639940603,0
2022-08-03,163.3214569091797,1.2660895379823875,1
2022-08-04,163.0068817138672,-0.3849149341656167,0
2022-08-05,162.78045654296875,-0.6603817058848104,0
2022-08-08,162.30792236328125,-0.6654706106706679,0
2022-08-09,162.35711669921875,-0.5940617595337322,0
2022-08-10,166.61001586914062,0.1323129354141694,0
2022-08-11,165.8716583251953,-0.2478607316783697,0
2022-08-12,169.42555236816406,-0.0913299498998913,0
2022-08-15,170.4985809326172,-0.4992332086785632,0
2022-08-16,170.34109497070312,-0.108188037233898,0
2022-08-17,171.8374481201172,-0.5041478045646964,0
2022-08-18,171.44369506835938,-0.5493239912170569,0
2022-08-19,168.85455322265625,-0.1249579536239126,0
2022-08-22,164.96595764160156,0.4013777663933271,0
2022-08-23,164.63121032714844,-0.874560944465599,0
2022-08-24,164.92657470703125,-0.8713419085600073,0
2022-08-25,167.38771057128906,-0.6524053159198043,0
2022-08-26,161.0773162841797,1.438721450127972,1
2022-08-29,158.8721466064453,-0.5293908938583693,0
2022-08-30,156.4405517578125,-0.4280046313886687,0
2022-08-31,154.77682495117188,-0.6159789805617017,0
2022-09-01,155.50526428222656,-0.509974667678133,0
2022-09-02,153.38870239257812,-0.2655847856911847,0
2022-09-06,152.12860107421875,-0.3923868634208466,0
2022-09-07,153.536376953125,-0.3738599758735572,0
2022-09-08,152.05967712402344,-0.3986121264852301,0
2022-09-09,154.92445373535156,0.4394304072469628,0
2022-09-12,160.89027404785156,1.630873119743371,1
2022-09-13,151.44932556152344,2.604971378060706,1
2022-09-14,152.89645385742188,-0.0251758565450959,0
2022-09-15,150.00216674804688,0.2562449024533309,0
2022-09-16,148.3581085205078,0.2200649855220675,0
2022-09-19,152.079345703125,0.8394353977299425,1
2022-09-20,154.46173095703125,0.0216720101527396,0
2022-09-21,151.33119201660156,-0.0244358209498856,0
2022-09-22,150.3663787841797,-0.2912796916520864,0
2022-09-23,148.09226989746094,0.0582238222855311,0
2022-09-26,148.42701721191406,-0.0643768400757411,0
2022-09-27,149.40159606933594,-0.3694702088440414,0
2022-09-28,147.511474609375,-0.3097407319080723,0
2022-09-29,140.26585388183594,1.624831887236556,1
2022-09-30,136.05233764648438,0.6300715614998614,1
2022-10-03,140.236328125,0.9996302862861248,1
2022-10-04,143.82958984375,0.4132737439079589,0
2022-10-05,144.12489318847656,-0.3597948770469028,0
2022-10-06,143.1699981689453,-0.264617497841136,0
2022-10-07,137.91294860839844,0.8765796192340178,1
2022-10-10,138.2378387451172,-0.016104630078085,0
2022-10-11,136.8202362060547,0.3796209601042642,0
2022-10-12,136.1901397705078,-0.2495278521382532,0
2022-10-13,140.76792907714844,1.087915061554022,1
2022-10-14,136.2295684814453,0.4402703260898576,0
2022-10-17,140.1969757080078,0.5455353318813141,0
2022-10-18,141.51611328125,-0.2538521716772117,0
2022-10-19,141.62440490722656,-0.2380318942260295,0
2022-10-20,141.16171264648438,-0.4674120444154497,0
2022-10-21,144.98138427734375,0.2620142982658835,0
2022-10-24,147.12753295898438,-0.4170499685536272,0
2022-10-25,149.9726104736328,-0.2468492222773002,0
2022-10-26,147.02908325195312,-0.102964815073254,0
2022-10-27,142.5498046875,0.4176814617175631,0
2022-10-28,153.3197784423828,2.7534989953018343,1
2022-10-31,150.95709228515625,0.3130243876651737,0
2022-11-01,148.3088836669922,0.0870354742918271,0
2022-11-02,142.77621459960938,0.9955521632052284,1
2022-11-03,136.72181701660156,1.277542395248063,1
2022-11-04,136.45555114746094,-0.1453269168147579,0
2022-11-07,136.988037109375,-0.3168188153280575,0
2022-11-08,137.55995178222656,-0.3033061888036608,0
2022-11-09,132.99436950683594,0.7540345884080556,1
2022-11-10,144.8274688720703,3.1249116628650597,1
2022-11-11,147.6180877685547,0.6500564766279617,1
2022-11-14,146.21786499023438,0.4550898120101892,0
2022-11-15,147.95338439941406,0.294309592458096,0
2022-11-16,146.7207489013672,0.270499280956558,0
2022-11-17,148.62393188476562,0.3372455456743889,0
2022-11-18,149.18601989746094,0.2312445642124855,0
2022-11-21,145.95159912109375,0.6523815268625427,1
2022-11-22,148.09144592285156,0.2747627433466761,0
2022-11-23,148.9690704345703,0.1060682932780723,0
2022-11-25,146.0502166748047,0.5871605241443683,0
2022-11-28,142.21435546875,0.7508453953935703,1
2022-11-29,139.2067413330078,0.3881802354667437,0
2022-11-30,145.97134399414062,1.6673659293758445,1
2022-12-01,146.24745178222656,-0.1757865773081015,0
2022-12-02,145.75440979003906,-0.2963823784064138,0
2022-12-05,144.5908203125,-0.2403801628142632,0
2022-12-06,140.92257690429688,0.4560808924362797,0
2022-12-07,138.9799346923828,-0.0398906921651772,0
2022-12-08,140.66615295410156,-0.211270597124458,0
2022-12-09,140.1829833984375,-0.3749896230006609,0
2022-12-12,142.48056030273438,-0.4552417332091914,0
2022-12-13,143.44691467285156,-0.6769179421242448,0
2022-12-14,141.21839904785156,-0.4256497590048702,0
2022-12-15,134.6016845703125,1.5639607711336287,1
2022-12-16,132.6393280029297,-0.0279790179649099,0
2022-12-19,130.52911376953125,0.2060906729078638,0
2022-12-20,130.46009826660156,0.0712456989204309,0
2022-12-21,133.56629943847656,0.4701865381691155,0
2022-12-22,130.3910675048828,0.3334179905822829,0
2022-12-23,130.0261993408203,0.0270847256163821,0
2022-12-27,128.22166442871094,0.1769579210653872,0
2022-12-28,124.2871551513672,0.6357820593091604,1
2022-12-29,127.8074951171875,0.7240336665870747,1
2022-12-30,128.123046875,0.0898818365723764,0
2023-01-03,123.33063507080078,1.3839048315838625,1
2023-01-04,124.60270690917967,0.6683498315342329,1
2023-01-05,123.28133392333984,0.3428195951821579,0
2023-01-06,127.81736755371094,1.5075345613771285,1
2023-01-09,128.3400115966797,-0.3413820531992719,0
2023-01-10,128.91192626953125,-0.2970144008217798,0
2023-01-11,131.633544921875,0.0292260512484238,0
2023-01-12,131.55467224121094,-0.3878709979669569,0
2023-01-13,132.88587951660156,-0.2987878518098477,0
2023-01-17,134.0495147705078,-0.4966759285502775,0
2023-01-18,133.32965087890625,-0.7569962061390474,0
2023-01-19,133.3887939453125,-0.8659935439453699,0
2023-01-20,135.95263671875,-0.537468944603863,0
2023-01-23,139.1475830078125,-0.3223207123275765,0
2023-01-24,140.54782104492188,-0.7923395433450575,0
2023-01-25,139.8871612548828,-0.8907465680594012,0
2023-01-26,141.95794677734375,-0.6587793454817259,0
2023-01-27,143.90052795410156,-0.6112338934388106,0
2023-01-30,141.01129150390625,0.5738543089884572,0
2023-01-31,142.28335571289062,-0.7824043323249907,0
2023-02-01,143.40750122070312,-0.8018676090247197,0
2023-02-02,148.72250366210938,1.665700611227014,1
2023-02-03,152.3513641357422,0.6256915952770724,1
2023-02-06,149.619873046875,1.521150236599171,1
2023-02-07,152.499267578125,0.2025537386349208,0
2023-02-08,149.8072509765625,1.0179465327572694,1
2023-02-09,148.77186584472656,-0.147350179669942,0
2023-02-10,149.13723754882812,-0.7139276489048917,0
2023-02-13,151.94203186035156,-0.2229485202067137,0
2023-02-14,151.30010986328125,-0.4545428405826939,0
2023-02-15,153.40370178222656,-0.4779121299142697,0
2023-02-16,151.8037567138672,-0.1599717438366723,0
2023-02-17,150.65814208984375,-0.3991173614259424,0
2023-02-21,146.63861083984375,0.6024909677876292,0
2023-02-22,147.06329345703125,-0.9824147913951244,0
2023-02-23,147.54721069335938,-0.9685964358118396,0
2023-02-24,144.8905792236328,-0.3274444530967441,0
2023-02-27,146.08555603027344,-0.8622193802551015,0
2023-02-28,145.5819091796875,-0.8994067259118156,0
2023-03-01,143.50796508789062,-0.4973582298009675,0
2023-03-02,144.10052490234375,-0.8810494825021917,0
2023-03-03,149.15701293945312,0.7746942830788857,1
2023-03-06,151.92230224609375,-0.4835509251357616,0
2023-03-07,149.71994018554688,-0.424236286852867,0
2023-03-08,150.97418212890625,-0.7881653139268519,0
2023-03-09,148.72247314453125,-0.3678176932986473,0
2023-03-10,146.65838623046875,-0.402210863021731,0
2023-03-13,148.60394287109375,-0.5396461900871736,0
2023-03-14,150.69764709472656,-0.559462761399087,0
2023-03-15,151.0927276611328,-0.8220437863483515,0
2023-03-16,153.91722106933594,-0.3727078349204263,0
2023-03-17,153.07777404785156,-0.8085529471485039,0
2023-03-20,155.44801330566406,-0.5621889395934295,0
2023-03-21,157.30467224121094,-0.7966884845095278,0
2023-03-22,155.8726806640625,-0.6725135452793307,0
2023-03-23,156.9590301513672,-0.9154076405314464,0
2023-03-24,158.26266479492188,-0.8827714983335012,0
2023-03-27,156.31710815429688,-0.4007677097325601,0
2023-03-28,155.69491577148438,-0.8651844195263028,0
2023-03-29,158.77621459960938,-0.4204712152125985,0
2023-03-30,160.34649658203125,-0.7267881951734663,0
2023-03-31,162.85499572753906,-0.5042857415404293,0
2023-04-03,164.10923767089844,-0.7951884705394946,0
2023-04-04,163.57594299316406,-0.7613768069050119,0
2023-04-05,161.72914123535156,-0.2052516026163661,0
2023-04-06,162.6179962158203,-0.8357577954813517,0
2023-04-10,160.02061462402344,0.3087001862667055,0
2023-04-11,158.80584716796875,-0.4153760669668652,0
2023-04-12,158.1145477294922,-0.6892894462671821,0
2023-04-13,163.50680541992188,1.4156745063039722,1
2023-04-14,163.16116333007812,-0.8828186014023862,0
2023-04-17,163.18089294433594,-0.8837282294859492,0
2023-04-18,164.40554809570312,-0.8372470716400188,0
2023-04-19,165.5511474609375,-0.8435747994479167,0
2023-04-20,164.5832977294922,-0.7584365008596015,0
2023-04-21,162.9735107421875,-0.527041609668367,0
2023-04-24,163.2796630859375,-0.90733427114168,0
2023-04-25,161.739013671875,-0.618134005319594,0
2023-04-26,161.72914123535156,-0.8957142720437024,0
2023-04-27,166.3214874267578,0.6666949027352059,1
2023-04-28,167.57569885253906,-0.8512914903457893,0
2023-05-01,167.48683166503906,-0.910252043795168,0
2023-05-02,166.4498748779297,-0.7323638451507265,0
2023-05-03,165.3733673095703,-0.7210727485628812,0
2023-05-04,163.7339630126953,-0.5611160664103965,0
2023-05-05,171.41751098632812,2.2826413737790165,1
2023-05-08,171.3483428955078,-0.9569524864184076,0
2023-05-09,169.63980102539062,-0.6696159513860979,0
2023-05-10,171.4075927734375,-0.8183651078611152,0
2023-05-11,171.59524536132812,-0.970907879759072,0
2023-05-12,170.66561889648438,-0.8377256433911927,0
2023-05-15,170.171142578125,-0.9058182708394936,0
2023-05-16,170.171142578125,-0.9378440047029158,0
2023-05-17,170.7843017578125,-0.9399246352035628,0
2023-05-18,173.11825561523438,-0.6550128018691489,0
2023-05-19,173.22705078125,-0.9509250225967832,0
2023-05-22,172.27760314941406,-0.8231203758650112,0
2023-05-23,169.66677856445312,-0.3591931001674516,0
2023-05-24,169.94369506835938,-0.9649132284783088,0
2023-05-25,171.08099365234375,-0.9177476103234448,0
2023-05-26,173.49404907226562,-0.5888331461696223,0
2023-05-30,175.34344482421875,-0.7655251220229703,0
2023-05-31,175.29397583007812,-0.9464787005308068,0
2023-06-01,178.10264587402344,-0.5466794559267869,0
2023-06-02,178.95314025878906,-0.9308661970854852,0
2023-06-05,177.5982666015625,-0.5646890976253917,0
2023-06-06,177.2323455810547,-0.3560827507059034,0
2023-06-07,175.85772705078125,-0.0370098951729096,0
2023-06-08,178.57736206054688,0.3978691753629325,0
2023-06-09,178.96302795410156,-0.4664435652400487,0
2023-06-12,181.7617950439453,0.2660425198455768,0
2023-06-13,181.2870941162109,-0.3965266770071935,0
2023-06-14,181.9200134277344,-0.5221668232229605,0
2023-06-15,183.9572906494141,-0.2185845091419518,0
2023-06-16,182.8793334960937,-0.2156944923799051,0
2023-06-20,182.9683532714844,-0.5302204819138038,0
2023-06-21,181.9299468994141,-0.2578886233314801,0
2023-06-22,184.9363708496093,0.1428793682366438,0
2023-06-23,184.61990356445312,-0.1883007333789681,0
2023-06-26,183.2254638671875,0.0986298172360486,0
2023-06-27,185.98468017578125,0.0492006931711613,0
2023-06-28,187.1615447998047,-0.4474337193040008,0
2023-06-29,187.497787475586,-0.4727676716822723,0
2023-06-30,191.82945251464844,0.9026457865570872,1
2023-07-03,190.33612060546875,-0.1991788298616119,0
2023-07-05,189.2185821533203,-0.4363476797743421,0
2023-07-06,189.69332885742188,-0.706094841545171,0
2023-07-07,188.57574462890625,-0.3415956468277606,0
2023-07-10,186.52862548828125,-0.005073566595335,0
2023-07-11,186.00445556640625,-0.596651683593258,0
2023-07-12,187.67579650878903,-0.5045809771704791,0
2023-07-13,188.4373016357422,-0.5966287468037846,0
2023-07-14,188.585693359375,-0.6030527452981239,0
2023-07-17,191.84922790527344,0.1890073510080462,0
2023-07-18,191.5921173095703,-0.6502942642224551,0
2023-07-19,192.9469757080078,-0.5315045215393709,0
2023-07-20,190.99871826171875,-0.1436209251740789,0
2023-07-21,189.8218536376953,-0.4908985869403413,0
2023-07-24,190.62294006347656,-0.5906339438779238,0
2023-07-25,191.4833221435547,-0.6152003269606638,0
2023-07-26,192.3536376953125,-0.5447847979053546,0
2023-07-27,191.0877380371093,-0.1559375839146683,0
2023-07-28,193.6689300537109,0.0714467997925425,0
2023-07-31,194.28208923339844,-0.6073404895534219,0
2023-08-01,193.4513702392578,-0.0951301285483257,0
2023-08-02,190.454818725586,0.9173527626342256,1
2023-08-03,189.06033325195312,-0.0218683720970755,0
2023-08-04,179.981689453125,2.932628332148909,1
2023-08-07,176.87632751464844,-0.025197329645172,0
2023-08-08,177.81585693359375,-0.4924632049922171,0
2023-08-09,176.22360229492188,-0.432059737016803,0
2023-08-10,176.0060272216797,-0.4479006546121697,0
2023-08-11,176.0654754638672,-0.3852451169818741,0
2023-08-14,177.71926879882812,-0.2480649896769304,0
2023-08-15,175.728759765625,-0.0978385655724702,0
2023-08-16,174.85728454589844,-0.2122212696401967,0
2023-08-17,172.3122100830078,0.2741993070035219,0
2023-08-18,172.7974853515625,0.0157023200838477,0
2023-08-21,174.13436889648438,0.0198755749548434,0
2023-08-22,175.51087951660156,-0.0399326017382862,0
2023-08-23,179.36314392089844,0.7089458984383548,1
2023-08-24,174.66915893554688,0.4676636097221568,0
2023-08-25,176.8774871826172,-0.0590937299702809,0
2023-08-28,178.44216918945312,-0.1350446511451699,0
2023-08-29,182.3340759277344,0.410285655805174,0
2023-08-30,185.82980346679688,-0.1266411770934913,0
2023-08-31,186.0476837158203,-0.7922814595582893,0
2023-09-01,187.6222686767578,-0.7347397535612377,0
2023-09-05,187.85992431640625,-0.9145882316848604,0
2023-09-06,181.1357879638672,1.763849366694366,1
2023-09-07,175.83766174316406,0.4943524246426287,0
2023-09-08,176.45166015625,-0.8322523962623811,0
2023-09-11,177.62022399902344,-0.820035676053318,0
2023-09-12,174.58990478515625,-0.3833774213619672,0
2023-09-13,172.52017211914062,-0.5509915224717371,0
2023-09-14,174.03533935546875,-0.710387452675508,0
2023-09-15,173.31240844726562,-0.8160180561338535,0
2023-09-18,176.2436981201172,-0.5393288632872472,0
2023-09-19,177.33303833007812,-0.910086954362785,0
2023-09-20,173.7877655029297,-0.2375888709114136,0
2023-09-21,172.2428741455078,-0.6880142478544687,0
2023-09-22,173.0945281982422,-0.6479807028753013,0
2023-09-25,174.37203979492188,-0.7689244734012076,0
2023-09-26,170.29200744628906,0.0244603418036565,0
2023-09-27,168.77684020996094,-0.4945356681722055,0
2023-09-28,169.03433227539062,-0.3626584901423946,0
2023-09-29,169.5492706298828,-0.1117050417702779,0
2023-10-02,172.0646514892578,0.2397379723214816,0
2023-10-03,170.7277374267578,-0.1632529431672797,0
2023-10-04,171.9755096435547,-0.0715389010520519,0
2023-10-05,173.21339416503906,-0.4277748980625064,0
2023-10-06,175.76837158203125,-0.0937839091279495,0
2023-10-09,177.2538299560547,-0.5356982638473985,0
2023-10-10,176.65963745117188,-0.6901190039541267,0
2023-10-11,178.0559844970703,-0.6433492851139438,0
2023-10-12,178.95713806152344,-0.815367901153973,0
2023-10-13,177.1151885986328,-0.3836630612329237,0
2023-10-16,176.98641967773438,-0.7992449802843927,0
2023-10-17,175.43165588378906,-0.4078010084268904,0
2023-10-18,174.13436889648438,-0.4375793592125654,0
2023-10-19,173.75804138183594,-0.5729161878695578,0
2023-10-20,171.2030792236328,0.1871990715369252,0
2023-10-23,171.32191467285156,-0.5332097184982086,0
2023-10-24,171.75765991210938,-0.4356071364689949,0
2023-10-25,169.44033813476562,0.4128769978364243,0
2023-10-26,165.2711639404297,1.5056020863527368,1
2023-10-27,166.58828735351562,-0.2781620894341198,0
2023-10-30,168.63818359375,-0.0920269164370787,0
2023-10-31,169.11354064941406,-0.4300856091627376,0
2023-11-01,172.2825164794922,0.3745710302708602,0
2023-11-02,175.84759521484375,0.3000640099615216,0
2023-11-03,174.93649291992188,-0.7053878591466469,0
2023-11-06,177.49148559570312,-0.1646239451031306,0
2023-11-07,180.05638122558594,-0.2857918743250606,0
2023-11-08,181.11599731445312,-0.7988857178971519,0
2023-11-09,180.64065551757807,-0.7992091783555437,0
2023-11-10,184.8351287841797,0.2543378951495472,0
2023-11-13,183.24855041503903,-0.6728998710640409,0
2023-11-14,185.86639404296875,-0.5926290204850532,0
2023-11-15,186.43161010742188,-0.9253299529647736,0
2023-11-16,188.11734008789065,-0.7849930866499286,0
2023-11-17,188.09751892089844,-0.8825632644937305,0
2023-11-20,189.8427276611328,-0.6928015759922276,0
2023-11-21,189.0395355224609,-0.5754739176793889,0
2023-11-22,189.70391845703125,-0.8371533460699188,0
2023-11-24,188.3751678466797,-0.267268957058153,0
2023-11-27,188.19667053222656,-0.0819014588958028,0
2023-11-28,188.8015289306641,-0.3588658964300759,0
2023-11-29,187.7801818847656,-0.0343332439198937,0
2023-11-30,188.3553161621093,-0.5879318369401901,0
2023-12-01,189.634506225586,-0.4973973147957526,0
2023-12-04,187.8396759033203,0.2362659369730626,0
2023-12-05,191.7961883544922,0.6829810310941943,1
2023-12-06,190.7054443359375,-0.2682884641090025,0
2023-12-07,192.63905334472656,-0.3631383478182395,0
2023-12-08,194.0669708251953,-0.5017487831690317,0
2023-12-11,191.5581817626953,0.2596180459883479,0
2023-12-12,193.07537841796875,-0.3427094039805333,0
2023-12-13,196.298080444336,0.369294764930443,0
2023-12-14,196.44679260253903,-0.4602806500522961,0
2023-12-15,195.91134643554688,-0.3715565206708696,0
2023-12-18,194.2454528808593,-0.0386172374295588,0
2023-12-19,195.28663635253903,-0.463091910398099,0
2023-12-20,193.19436645507807,0.0785722639989789,0
2023-12-21,193.0456085205078,-0.5285457083799195,0
2023-12-22,191.9746856689453,-0.3888477746800958,0
2023-12-26,191.4292907714844,-0.4914252587329177,0
2023-12-27,191.5284423828125,-0.5055512996704029,0
2023-12-28,191.954833984375,-0.4963322330907291,0
2023-12-29,190.9136657714844,-0.3535169926182518,0
2024-01-02,184.0814971923828,2.4148537016926115,1
2024-01-03,182.7031707763672,-0.4840936550090991,0
2024-01-04,180.38282775878903,-0.2326271535680145,0
2024-01-05,179.658935546875,-0.3334198386767131,0
2024-01-08,184.002182006836,1.0805091635533528,1
2024-01-09,183.585693359375,-0.5153509801975382,0
2024-01-10,184.6268768310547,-0.3354924107880084,0
2024-01-11,184.03192138671875,-0.5462951161952059,0
2024-01-12,184.3591461181641,-0.4004044303025669,0
2024-01-16,182.0883636474609,0.073781514515647,0
2024-01-17,181.1463165283203,-0.2231621869930699,0
2024-01-18,187.04641723632807,1.871089163023252,1
2024-01-19,189.9517974853516,-0.1908135742639545,0
2024-01-22,192.26222229003903,-0.5098951839687351,0
2024-01-23,193.54139709472656,-0.7610101674127594,0
2024-01-24,192.8671264648437,-0.8281951287856256,0
2024-01-25,192.53990173339844,-0.8748356920219374,0
2024-01-26,190.8045654296875,-0.6854595318858687,0
2024-01-29,190.12039184570312,-0.7864629812934172,0
2024-01-30,186.4613342285156,-0.1307812086459553,0
2024-01-31,182.85191345214844,-0.1012740798798527,0
2024-02-01,185.291259765625,-0.5266079152058437,0
2024-02-02,184.2897186279297,-0.822448011456863,0
2024-02-05,186.10438537597656,-0.7797361851067768,0
2024-02-06,187.7107849121093,-0.814220508051469,0
2024-02-07,187.81985473632807,-0.8770165694765129,0
2024-02-08,186.739013671875,-0.7562416690821867,0
2024-02-09,187.50352478027344,-0.8028064243503862,0
2024-02-12,185.8156280517578,-0.6441402096345696,0
2024-02-13,183.72067260742188,-0.4739283670247542,0
2024-02-14,182.8370056152344,-0.7398491607107698,0
2024-02-15,182.54910278320312,-0.8255625615417292,0
2024-02-16,181.0101318359375,-0.2688084753870354,0
2024-02-20,180.26548767089844,-0.206024688500798,0
2024-02-21,181.0200653076172,0.2124001320569268,0
2024-02-22,183.0554351806641,0.7028733823851554,1
2024-02-23,181.2186584472656,0.120549621039684,0
2024-02-26,179.86834716796875,-0.014521393801805,0
2024-02-27,181.327865600586,0.1552884064762278,0
2024-02-28,180.12649536132812,-0.1405923554447756,0
2024-02-29,179.4612579345703,-0.1590100046371313,0
2024-03-01,178.3790283203125,0.0276010454270972,0
2024-03-04,173.8515625,2.2909045149436134,1
2024-03-05,168.90704345703125,1.8324609172820323,1
2024-03-06,167.9141845703125,0.1271550876446808,0
2024-03-07,167.7950439453125,0.4274656630131809,0
2024-03-08,169.51271057128906,0.9147980532083004,1
2024-03-11,171.518310546875,0.6856880642847691,1
2024-03-12,171.99488830566406,0.1163095942930804,0
2024-03-13,169.90985107421875,0.1920508393796816,0
2024-03-14,171.7665252685547,0.3102698423851758,0
2024-03-15,171.3892364501953,-0.3104603361911272,0
2024-03-18,172.48138427734375,-0.1676734499625233,0
2024-03-19,174.82455444335938,0.098871635059564,0
2024-03-20,177.3960723876953,-0.0561971336908699,0
2024-03-21,170.1481170654297,2.0132527382376604,1
2024-03-22,171.05165100097656,-0.369755138117697,0
2024-03-25,169.63186645507812,-0.3978982626659189,0
2024-03-26,168.49996948242188,-0.4422904486510952,0
2024-03-27,172.07431030273438,0.3231627476409447,0
2024-03-28,170.25733947753906,-0.4351772838585145,0
2024-04-01,168.8177032470703,-0.4535521183268242,0
2024-04-02,167.63616943359375,-0.5036493053506267,0
2024-04-03,168.44041442871094,-0.6424966919563073,0
2024-04-04,167.61631774902344,-0.7456700603603386,0
2024-04-05,168.37091064453125,-0.8147629845666242,0
2024-04-08,167.2489776611328,-0.7392851448142038,0
2024-04-09,168.4602508544922,-0.697799828396347,0
2024-04-10,166.58372497558594,-0.4819238056343101,0
2024-04-11,173.79196166992188,1.9639270322311184,1
2024-04-12,175.2912139892578,-0.8324261189104629,0
2024-04-15,171.458740234375,-0.1455164115705191,0
2024-04-16,168.17233276367188,-0.2569011900797407,0
2024-04-17,166.8021697998047,-0.6620733256947723,0
2024-04-18,165.8489990234375,-0.6172338586754272,0
2024-04-19,163.82354736328125,-0.2737754597799281,0
2024-04-22,164.6575469970703,-0.6041633078168698,0
2024-04-23,165.7100067138672,-0.6123433968060108,0
2024-04-24,167.81491088867188,-0.5188144795970004,0
2024-04-25,168.67869567871094,-0.8013434264764865,0
2024-04-26,168.09291076660156,-0.7517613878414772,0
2024-04-29,172.26295471191406,0.2546006278024651,0
2024-04-30,169.11553955078125,-0.2922334832968845,0
2024-05-01,168.09291076660156,-0.8090447508295322,0
2024-05-02,171.7963104248047,-0.1737589148606476,0
2024-05-03,182.072494506836,2.450239158542647,1
2024-05-06,180.41441345214844,-0.6614430897079848,0
2024-05-07,181.09950256347656,-0.8495713234079775,0
2024-05-08,181.43707275390625,-0.8714125895056181,0
2024-05-09,183.2540283203125,-0.7029030079097378,0
2024-05-10,181.99136352539065,-0.8194500343338715,0
2024-05-13,185.2027130126953,-0.5669988003950662,0
2024-05-14,186.3460388183593,-0.8893112758602757,0
2024-05-15,188.622802734375,-0.68130360309122,0
2024-05-16,188.7420959472656,-0.6676479615705175,0
2024-05-17,188.7719268798828,-0.6220384341249326,0
2024-05-20,189.9351501464844,-0.4743548709739711,0
2024-05-21,191.2375946044922,-0.4574531244254372,0
2024-05-22,189.7959747314453,-0.245206392840027,0
2024-05-23,185.7992248535156,0.3704660891874331,0
2024-05-24,188.8812713623047,-0.5481177702894167,0
2024-05-28,188.8912506103516,-0.7042720622729577,0
2024-05-29,189.1894989013672,-0.9004103854493586,0
2024-05-30,190.18370056152344,-0.7596571794005893,0
2024-05-31,191.13815307617188,-0.6764894551692557,0
2024-06-03,192.90786743164065,-0.7587130594002105,0
2024-06-04,193.2260284423828,-0.5703560551442467,0
2024-06-05,194.7372283935547,-0.2938857959024574,0
2024-06-06,193.35525512695312,-0.0259761097372651,0
2024-06-07,195.7513427734375,-0.2361430467401015,0
2024-06-10,192.0031280517578,0.9791853405751793,1
2024-06-11,205.9519805908203,3.716890688593061,1
2024-06-12,211.83778381347656,0.1490214929310341,0
2024-06-13,213.00100708007807,-0.5462368577361604,0
2024-06-14,211.26112365722656,-0.4103185739672265,0
2024-06-17,215.4169464111328,-0.2573443473226312,0
2024-06-18,213.05067443847656,-0.2199173929746896,0
2024-06-20,208.4673614501953,0.1767665415060165,0
2024-06-21,206.2900390625,-0.5722497329871611,0
2024-06-24,206.936279296875,-0.8250682161296936,0
2024-06-25,207.8609161376953,-0.7234305678590834,0
2024-06-26,212.01670837402344,-0.3591910912116136,0
2024-06-27,212.86181640625,-0.6249553514068834,0
2024-06-28,209.4019317626953,-0.0871226992034799,0
2024-07-01,215.4964904785156,0.1301242888484841,0
2024-07-02,218.99610900878903,-0.2556519284389703,0
2024-07-03,220.2687225341797,-0.4629770371161692,0
2024-07-05,225.0310211181641,0.0680072594013441,0
2024-07-08,226.50245666503903,-0.2498026742062324,0
2024-07-09,227.3574676513672,-0.0815054154605937,0
2024-07-10,231.63259887695312,0.130329423885275,0
2024-07-11,226.25392150878903,1.169132727227378,1
2024-07-12,229.20672607421875,-0.678486080703355,0
2024-07-15,233.04440307617188,-0.5721014079983922,0
2024-07-16,233.4619903564453,-0.9104290933394076,0
2024-07-17,227.55633544921875,0.5364722009629276,0
2024-07-18,222.8834991455078,-0.1411480956924854,0
2024-07-19,223.01275634765625,-0.951383818187665,0
2024-07-22,222.6648101806641,-0.9346572418063094,0
2024-07-23,223.7086944580078,-0.9728529716586088,0
2024-07-24,217.276107788086,0.6558908202712345,1
2024-07-25,216.23220825195312,-0.9081477758731656,0
2024-07-26,216.69949340820312,-0.9427477337645346,0
2024-07-29,216.9778747558593,-0.9402197618384772,0
2024-07-30,217.5346221923828,-0.959706292701897,0
2024-07-31,220.7956695556641,-0.5663937571991468,0
2024-08-01,217.09716796875,-0.3290940187190372,0
2024-08-02,218.58848571777344,-0.726795661830594,0
2024-08-05,208.0597381591797,2.2273848905266096,1
2024-08-06,206.0315399169922,-0.1921929591225774,0
2024-08-07,208.6065673828125,-0.0085848592500311,0
2024-08-08,212.07638549804688,0.259385396859617,0
2024-08-09,214.9894256591797,-0.3345861197201236,0
2024-08-12,216.5223083496093,-0.4888210163716805,0
2024-08-13,220.2449645996093,-0.0688957001832544,0
2024-08-14,220.69290161132807,-0.5529365901927165,0
2024-08-15,223.6790008544922,-0.5219831964186521,0
2024-08-16,225.0028381347656,-0.8418507026924484,0
2024-08-19,224.84356689453125,-0.9003831019394701,0
2024-08-20,225.460693359375,-0.908987440121122,0
2024-08-21,225.3511962890625,-0.8991560807602815,0
2024-08-22,223.4898681640625,-0.7699570690778432,0
2024-08-23,225.78916931152344,-0.8260420927251754,0
2024-08-26,226.1275787353516,-0.9679104621038576,0
2024-08-27,226.97366333007807,-0.964052557198842,0
2024-08-28,225.44078063964844,-0.824459719674571,0
2024-08-29,228.72547912597656,-0.626175986264144,0
2024-08-30,227.9391632080078,-0.9250582858830904,0
2024-09-03,221.7380523681641,0.4437041428921148,0
2024-09-04,219.8269195556641,-0.4324131688229559,0
2024-09-05,221.349853515625,-0.760905931602477,0
2024-09-06,219.7970733642578,-0.4981609929499674,0
2024-09-09,219.8866424560547,-0.7681824196303776,0
2024-09-10,219.09034729003903,-0.6591392662247831,0
2024-09-11,221.62852478027344,-0.3779656786196238,0
2024-09-12,221.7380523681641,-0.5515838182225757,0
2024-09-13,221.4692840576172,-0.5502380559819547,0
2024-09-16,215.3179168701172,1.6931581034089147,1
2024-09-17,215.7857208251953,-0.3300900895110448,0
2024-09-18,219.66766357421875,0.4332902814110286,0
2024-09-19,227.8097686767578,1.827881678485722,1
2024-09-20,227.1428680419922,-0.8785312498034655,0
2024-09-23,225.4208831787109,-0.7660701453332769,0
2024-09-24,226.31671142578125,-0.834406843562664,0
2024-09-25,225.32135009765625,-0.8013550846488784,0
2024-09-26,226.4660186767578,-0.7959389769146431,0
2024-09-27,226.73475646972656,-0.8628006620869957,0
2024-09-30,231.920654296875,0.0777964545237751,0
2024-10-01,225.1620941162109,0.4948947650746124,0
2024-10-02,225.72946166992188,-0.929000008904194,0
2024-10-03,224.6245880126953,-0.8830777000791414,0
2024-10-04,225.7493591308593,-0.9019307217363912,0
2024-10-07,220.6630249023437,0.0191593456550902,0
2024-10-08,224.72413635253903,-0.464962935841499,0
2024-10-09,228.4766540527344,-0.6046526128696341,0
2024-10-10,227.9789581298828,-0.9492728682022056,0
2024-10-11,226.4958953857422,-0.8615795786535108,0
2024-10-14,230.228515625,-0.5859986326060396,0
2024-10-15,232.76670837402344,-0.789979456852647,0
2024-10-16,230.70626831054688,-0.7008863305350349,0
2024-10-17,231.07456970214844,-0.978383549274055,0
2024-10-18,233.911361694336,-0.5987551410127913,0
2024-10-21,235.384506225586,-0.8848742740785743,0
2024-10-22,234.7673797607422,-0.8783613084609643,0
2024-10-23,229.6910095214844,0.1554973600504678,0
2024-10-24,229.5018768310547,-0.9195467347020556,0
2024-10-25,230.3380126953125,-0.8956071278834195,0
2024-10-28,232.3187713623047,-0.7900354199124222,0
2024-10-29,232.5875244140625,-0.8215884403845616,0
2024-10-30,229.03407287597656,-0.1158315116555429,0
2024-10-31,224.8634796142578,0.0124457601748622,0
2024-11-01,221.8773803710937,-0.3252983293471774,0
2024-11-04,220.9815368652344,-0.6751821538908696,0
2024-11-05,222.4148864746093,-0.629669892415283,0
2024-11-06,221.6882476806641,-0.6470105429208985,0
2024-11-07,226.4262084960937,0.7533844510459541,1
2024-11-08,226.1571655273437,-0.6921772681935618,0
2024-11-11,223.4368133544922,-0.2926915548789506,0
2024-11-12,223.4368133544922,-0.5336114319237214,0
2024-11-13,224.3236541748047,-0.2910338311209101,0
2024-11-14,227.41270446777344,0.0486591532984538,0
2024-11-15,224.2041015625,-0.0844646716672657,0
2024-11-18,227.2134246826172,0.0550646374599876,0
2024-11-19,227.4724884033203,-0.474765019649435,0
2024-11-20,228.18994140625,-0.4982237187077122,0
2024-11-21,227.711654663086,-0.58835210787621,0
2024-11-22,229.056869506836,-0.4780069571594026,0
2024-11-25,232.04624938964844,-0.1563471896090481,0
2024-11-26,234.2285003662109,-0.4120353864748132,0
2024-11-27,234.0989532470703,-0.7414454090980821,0
2024-11-29,236.490478515625,-0.4934837613235539,0
2024-12-02,238.7424774169922,-0.4579647480480716,0
2024-12-03,241.79165649414065,-0.1394073200989986,0
2024-12-04,242.1503753662109,-0.3650337945219651,0
2024-12-05,242.18028259277344,-0.386056245879916,0
2024-12-06,241.98098754882807,-0.2825001473346613,0
2024-12-09,245.8771514892578,0.550828387701554,0
2024-12-10,246.8935546875,-0.3113630250394919,0
2024-12-11,245.6180877685547,0.4514963180871262,0
2024-12-12,247.0828857421875,-0.0736821160895825,0
2024-12-13,247.2522888183593,-0.0268910416871427,0
2024-12-16,250.15196228027344,0.2566577237178024,0
2024-12-17,252.5833435058593,0.3394315066388974,0
2024-12-18,247.1725616455078,2.691098734131862,1
2024-12-19,248.9063873291016,-0.281730802358631,0
2024-12-20,253.5897674560547,0.5209830001800604,0
2024-12-23,254.3670196533203,-0.3391306187570284,0
2024-12-24,257.2866516113281,-0.1933692561048302,0
2024-12-26,258.1037292480469,-0.3510315433999652,0
2024-12-27,254.6858673095703,0.7385403434226422,1
2024-12-30,251.307861328125,0.2849400478926108,0
2024-12-31,249.5341796875,-0.3998398460222647,0
