threshold,precision,recall
-0.9824147913951244,0.03218390804597701,1.0
-0.9791184129075672,0.03220241518113859,1.0
-0.978383549274055,0.03222094361334868,1.0
-0.9776279128293204,0.03223949337938975,1.0
-0.973231490692017,0.03225806451612903,1.0
-0.9728529716586088,0.03227665706051873,1.0
-0.9720493828710884,0.03229527104959631,1.0
-0.971586546576998,0.03231390652048471,1.0
-0.970907879759072,0.03233256351039261,1.0
-0.9685964358118396,0.032351242056614674,1.0
-0.9680040029642796,0.03236994219653179,1.0
-0.9679104621038576,0.032388663967611336,1.0
-0.9661721861736756,0.032407407407407406,1.0
-0.9649132284783088,0.03242617255356109,1.0
-0.964052557198842,0.03244495944380069,1.0
-0.9623058981495946,0.03246376811594203,1.0
-0.9620610132781048,0.03248259860788863,1.0
-0.959706292701897,0.03250145095763204,1.0
-0.9569524864184076,0.032520325203252036,1.0
-0.9546622058634404,0.03253922138291691,1.0
-0.9531361879166482,0.03255813953488372,1.0
-0.951383818187665,0.03257707969749855,1.0
-0.9509250225967832,0.03259604190919674,1.0
-0.9492728682022056,0.032615026208503206,1.0
-0.9486597398393148,0.03263403263403263,1.0
-0.9484570103620884,0.0326530612244898,1.0
-0.9464787005308068,0.03267211201866978,1.0
-0.944686659194702,0.03269118505545826,1.0
-0.9427477337645346,0.03271028037383177,1.0
-0.9403343321909444,0.03272939801285798,1.0
-0.9402197618384772,0.03274853801169591,1.0
-0.9399246352035628,0.032767700409596257,1.0
-0.9379193485408416,0.03278688524590164,1.0
-0.9378440047029158,0.032806092560046865,1.0
-0.9377626446641008,0.032825322391559206,1.0
-0.9360973734715052,0.03284457478005865,1.0
-0.9354603010782092,0.03286384976525822,1.0
-0.9348091049426562,0.03288314738696418,1.0
-0.9346572418063094,0.03290246768507638,1.0
-0.9338640194074328,0.03292181069958848,1.0
-0.9335213787723629,0.03294117647058824,1.0
-0.9335043070940172,0.0329605650382578,1.0
-0.9308661970854852,0.03297997644287397,1.0
-0.9304416927971876,0.032999410724808484,1.0
-0.92921066949296,0.0330188679245283,1.0
-0.929000008904194,0.03303834808259587,1.0
-0.9253299529647736,0.03305785123966942,1.0
-0.9250582858830904,0.03307737743650325,1.0
-0.9232293400626954,0.03309692671394799,1.0
-0.9223420394673912,0.03311649911295092,1.0
-0.9198297991279194,0.033136094674556214,1.0
-0.9195467347020556,0.03315571343990527,1.0
-0.9193867799351846,0.03317535545023697,1.0
-0.9186463025088748,0.03319502074688797,1.0
-0.9177476103234448,0.033214709371293,1.0
-0.9169866725887796,0.03323442136498516,1.0
-0.9154076405314464,0.0332541567695962,1.0
-0.9150048320689288,0.033273915626856804,1.0
-0.9145882316848604,0.03329369797859691,1.0
-0.9129020785420964,0.03331350386674598,1.0
-0.9122950073025996,0.03333333333333333,1.0
-0.9115490430551976,0.03335318642048839,1.0
-0.9109983552468836,0.033373063170441,1.0
-0.9108862845782092,0.033392963625521764,1.0
-0.91047829950222,0.03281622911694511,0.9821428571428571
-0.9104290933394076,0.03283582089552239,0.9821428571428571
-0.910252043795168,0.032855436081242535,0.9821428571428571
-0.910166956566885,0.0328750747160789,0.9821428571428571
-0.910086954362785,0.03289473684210526,0.9821428571428571
-0.90988481464546,0.03291442250149611,0.9821428571428571
-0.908987440121122,0.03293413173652695,0.9821428571428571
-0.9085702066296628,0.0329538645895746,0.9821428571428571
-0.9083527494465096,0.03297362110311751,0.9821428571428571
-0.9081477758731656,0.032993401319736056,0.9821428571428571
-0.90733427114168,0.033013205282112844,0.9821428571428571
-0.9058182708394936,0.03303303303303303,0.9821428571428571
-0.905334487786008,0.033052884615384616,0.9821428571428571
-0.9048553139513862,0.03307276007215875,0.9821428571428571
-0.904018455586901,0.03309265944645006,0.9821428571428571
-0.9037290584053248,0.033112582781456956,0.9821428571428571
-0.9022750471733318,0.03313253012048193,0.9821428571428571
-0.902147715326432,0.033152501506931886,0.9821428571428571
-0.9019307217363912,0.033172496984318456,0.9821428571428571
-0.9004103854493586,0.0331925165962583,0.9821428571428571
-0.9003831019394701,0.03321256038647343,0.9821428571428571
-0.8994067259118156,0.03323262839879154,0.9821428571428571
-0.8991560807602815,0.03325272067714631,0.9821428571428571
-0.8990459638557804,0.03327283726557774,0.9821428571428571
-0.8977753107094165,0.033292978208232446,0.9821428571428571
-0.8972374090076184,0.03331314354936402,0.9821428571428571
-0.8967003572715742,0.03333333333333333,0.9821428571428571
-0.8957142720437024,0.03335354760460885,0.9821428571428571
-0.8956071278834195,0.03337378640776699,0.9821428571428571
-0.8951722893860223,0.033394049787492414,0.9821428571428571
-0.8944221133750907,0.03341433778857837,0.9821428571428571
-0.8939672543616584,0.03343465045592705,0.9821428571428571
-0.8937951522913907,0.03345498783454988,0.9821428571428571
-0.8932303821706654,0.033475349969567865,0.9821428571428571
-0.8932206302333126,0.03349573690621194,0.9821428571428571
-0.8922214790907266,0.03351614868982328,0.9821428571428571
-0.8907465680594012,0.03353658536585366,0.9821428571428571
-0.8899476918302275,0.03355704697986577,0.9821428571428571
-0.8896965196148947,0.033577533577533576,0.9821428571428571
-0.889553211996105,0.033598045204642636,0.9821428571428571
-0.8893112758602757,0.03361858190709047,0.9821428571428571
-0.8886034844612674,0.03363914373088685,0.9821428571428571
-0.8848742740785743,0.033659730722154224,0.9821428571428571
-0.8846355092054774,0.03368034292712799,0.9821428571428571
-0.8837282294859492,0.03370098039215686,0.9821428571428571
-0.8830777000791414,0.03372164316370325,0.9821428571428571
-0.8828186014023862,0.03374233128834356,0.9821428571428571
-0.8827714983335012,0.03376304481276857,0.9821428571428571
-0.8825632644937305,0.033783783783783786,0.9821428571428571
-0.8817043236990751,0.03380454824830977,0.9821428571428571
-0.8816588186838359,0.033825338253382534,0.9821428571428571
-0.8810494825021917,0.033846153846153845,0.9821428571428571
-0.8803007813051585,0.033866995073891626,0.9821428571428571
-0.8785312498034655,0.033887861983980284,0.9821428571428571
-0.8783613084609643,0.03390875462392109,0.9821428571428571
-0.8775339077198205,0.03392967304133251,0.9821428571428571
-0.8770165694765129,0.033950617283950615,0.9821428571428571
-0.875521739474104,0.033971587399629403,0.9821428571428571
-0.8748356920219374,0.033992583436341164,0.9821428571428571
-0.874560944465599,0.034013605442176874,0.9821428571428571
-0.8745318512725254,0.03403465346534654,0.9821428571428571
-0.8714185551479176,0.034055727554179564,0.9821428571428571
-0.8714125895056181,0.03407682775712516,0.9821428571428571
-0.8713419085600073,0.034097954122752634,0.9821428571428571
-0.8708432707610808,0.034119106699751864,0.9821428571428571
-0.8698719937757857,0.03414028553693358,0.9821428571428571
-0.868653404253295,0.034161490683229816,0.9821428571428571
-0.868440317625772,0.03418272218769422,0.9821428571428571
-0.8682908604752025,0.034203980099502485,0.9821428571428571
-0.8680701368077922,0.03422526446795271,0.9821428571428571
-0.8676616247138477,0.03424657534246575,0.9821428571428571
-0.8674642463097686,0.03426791277258567,0.9821428571428571
-0.8659935439453699,0.03428927680798005,0.9821428571428571
-0.865592032402472,0.034310667498440424,0.9821428571428571
-0.8651844195263028,0.03433208489388265,0.9821428571428571
-0.8638735753836835,0.034353529044347283,0.9821428571428571
-0.863404078378115,0.034375,0.9821428571428571
-0.8628006620869957,0.03439649781113196,0.9821428571428571
-0.8622193802551015,0.0344180225281602,0.9821428571428571
-0.8621607591108453,0.034439574201628055,0.9821428571428571
-0.8620760066275647,0.03446115288220551,0.9821428571428571
-0.8615795786535108,0.034482758620689655,0.9821428571428571
-0.8601644460492729,0.03450439146800502,0.9821428571428571
-0.859929351216903,0.03452605147520402,0.9821428571428571
-0.8597417520510675,0.034547738693467334,0.9821428571428571
-0.8594677368669683,0.034569453174104335,0.9821428571428571
-0.8591151163731856,0.03459119496855346,0.9821428571428571
-0.8558800438394188,0.034612964128382634,0.9821428571428571
-0.8556068488159143,0.034634760705289674,0.9821428571428571
-0.8556029102092713,0.03465658475110271,0.9821428571428571
-0.8554109073121041,0.03467843631778058,0.9821428571428571
-0.85524166826127,0.03470031545741325,0.9821428571428571
-0.8542025698858994,0.034722222222222224,0.9821428571428571
-0.8512914903457893,0.03474415666456096,0.9821428571428571
-0.8509532532597196,0.0347661188369153,0.9821428571428571
-0.8495713234079775,0.03478810879190386,0.9821428571428571
-0.8492874061768633,0.03481012658227848,0.9821428571428571
-0.8492863260938985,0.03483217226092464,0.9821428571428571
-0.8485779176881603,0.03485424588086185,0.9821428571428571
-0.8483314434906238,0.03487634749524413,0.9821428571428571
-0.8478846432831247,0.03489847715736041,0.9821428571428571
-0.847407401103417,0.03492063492063492,0.9821428571428571
-0.8470257103845511,0.0349428208386277,0.9821428571428571
-0.8461158479955332,0.03496503496503497,0.9821428571428571
-0.8461011552453016,0.03498727735368957,0.9821428571428571
-0.846060162795903,0.03500954805856143,0.9821428571428571
-0.845649041371426,0.03503184713375796,0.9821428571428571
-0.8448961691209773,0.03505417463352454,0.9821428571428571
-0.8437329735957486,0.035076530612244895,0.9821428571428571
-0.8435747994479167,0.03509891512444161,0.9821428571428571
-0.8430654373673517,0.0351213282247765,0.9821428571428571
-0.8429995062628798,0.03514376996805112,0.9821428571428571
-0.8418507026924484,0.03516624040920716,0.9821428571428571
-0.84120813951012,0.035188739603326934,0.9821428571428571
-0.8402863701665942,0.035211267605633804,0.9821428571428571
-0.8377256433911927,0.035233824471492634,0.9821428571428571
-0.8372470716400188,0.035256410256410256,0.9821428571428571
-0.8371533460699188,0.03527902501603592,0.9821428571428571
-0.8367237723604556,0.03530166880616174,0.9821428571428571
-0.8365364360126674,0.035324341682723186,0.9821428571428571
-0.8357577954813517,0.03534704370179949,0.9821428571428571
-0.834406843562664,0.03536977491961415,0.9821428571428571
-0.8339562379007438,0.035392535392535396,0.9821428571428571
-0.8338665680709118,0.03541532517707663,0.9821428571428571
-0.8325274254023161,0.035438144329896906,0.9821428571428571
-0.8324261189104629,0.03546099290780142,0.9821428571428571
-0.8322523962623811,0.035483870967741936,0.9821428571428571
-0.8320047433566349,0.035506778566817304,0.9821428571428571
-0.8317664149003197,0.0355297157622739,0.9821428571428571
-0.8317504195511546,0.03555268261150614,0.9821428571428571
-0.8316352110844278,0.03557567917205692,0.9821428571428571
-0.8306835117178636,0.03559870550161812,0.9821428571428571
-0.8297459624140713,0.03562176165803109,0.9821428571428571
-0.8288517186119633,0.0356448476992871,0.9821428571428571
-0.8281951287856256,0.035667963683527884,0.9821428571428571
-0.8277691620413538,0.035691109669046074,0.9821428571428571
-0.8260420927251754,0.03571428571428571,0.9821428571428571
-0.8255625615417292,0.03573749187784275,0.9821428571428571
-0.8250682161296936,0.03576072821846554,0.9821428571428571
-0.8247652011800348,0.035783994795055306,0.9821428571428571
-0.824459719674571,0.035807291666666664,0.9821428571428571
-0.823385017411794,0.035830618892508145,0.9821428571428571
-0.8231203758650112,0.03585397653194263,0.9821428571428571
-0.8226766281828602,0.03587736464448793,0.9821428571428571
-0.822448011456863,0.03590078328981723,0.9821428571428571
-0.8220437863483515,0.03527106466361855,0.9642857142857143
-0.8217403871053586,0.03529411764705882,0.9642857142857143
-0.8216120002594746,0.03531720078482668,0.9642857142857143
-0.8215884403845616,0.03534031413612566,0.9642857142857143
-0.8205321695193151,0.03536345776031434,0.9642857142857143
-0.820035676053318,0.035386631716906945,0.9642857142857143
-0.8194500343338715,0.03540983606557377,0.9642857142857143
-0.8185487301739485,0.03543307086614173,0.9642857142857143
-0.8183651078611152,0.03545633617859488,0.9642857142857143
-0.8182128024577023,0.035479632063074903,0.9642857142857143
-0.8177156908348248,0.03550295857988166,0.9642857142857143
-0.8176949242637467,0.035526315789473684,0.9642857142857143
-0.8173605241918509,0.03554970375246873,0.9642857142857143
-0.8172015954056058,0.03557312252964427,0.9642857142857143
-0.8160180561338535,0.035596572181938034,0.9642857142857143
-0.8159308569656092,0.03562005277044855,0.9642857142857143
-0.815367901153973,0.03564356435643564,0.9642857142857143
-0.8147629845666242,0.035667107001321,0.9642857142857143
-0.8143527482201951,0.0356906807666887,0.9642857142857143
-0.814220508051469,0.03571428571428571,0.9642857142857143
-0.8140779859217327,0.0357379219060225,0.9642857142857143
-0.8131563391277562,0.03576158940397351,0.9642857142857143
-0.8131458436174356,0.03578528827037773,0.9642857142857143
-0.8117562968919891,0.03580901856763926,0.9642857142857143
-0.8113095487165255,0.035832780358327807,0.9642857142857143
-0.8101553988267072,0.035856573705179286,0.9642857142857143
-0.8090447508295322,0.035880398671096346,0.9642857142857143
-0.8085529471485039,0.03590425531914894,0.9642857142857143
-0.8080017361250641,0.03592814371257485,0.9642857142857143
-0.8075050493939357,0.03595206391478029,0.9642857142857143
-0.8072337345641648,0.03597601598934044,0.9642857142857143
-0.8036089934754216,0.036,0.9642857142857143
-0.8029677734466867,0.03602401601067378,0.9642857142857143
-0.8028064243503862,0.036048064085447265,0.9642857142857143
-0.8018676090247197,0.036072144288577156,0.9642857142857143
-0.8013550846488784,0.03609625668449198,0.9642857142857143
-0.8013434264764865,0.036120401337792644,0.9642857142857143
-0.8006815612181115,0.03614457831325301,0.9642857142857143
-0.7993910714174054,0.0361687876758205,0.9642857142857143
-0.7992449802843927,0.036193029490616625,0.9642857142857143
-0.7992091783555437,0.03621730382293763,0.9642857142857143
-0.7988857178971519,0.036241610738255034,0.9642857142857143
-0.7986269702323385,0.03626595030221625,0.9642857142857143
-0.7966884845095278,0.036290322580645164,0.9642857142857143
-0.7964567659984414,0.0363147276395427,0.9642857142857143
-0.7959389769146431,0.03633916554508748,0.9642857142857143
-0.7951884705394946,0.03636363636363636,0.9642857142857143
-0.7943037360892472,0.03638814016172507,0.9642857142857143
-0.7934133618609683,0.03641267700606878,0.9642857142857143
-0.7929242846631462,0.03643724696356275,0.9642857142857143
-0.7926722050536534,0.03646185010128292,0.9642857142857143
-0.7923395433450575,0.03648648648648649,0.9642857142857143
-0.7922814595582893,0.036511156186612576,0.9642857142857143
-0.7914144151365774,0.036535859269282815,0.9642857142857143
-0.7912480535724612,0.03656059580230196,0.9642857142857143
-0.7901555209598828,0.036585365853658534,0.9642857142857143
-0.7900354199124222,0.03661016949152542,0.9642857142857143
-0.789979456852647,0.036635006784260515,0.9642857142857143
-0.7894993025836846,0.03665987780040733,0.9642857142857143
-0.7893537614538022,0.036684782608695655,0.9642857142857143
-0.7892658411489184,0.036709721278042146,0.9642857142857143
-0.7891591022314864,0.036734693877551024,0.9642857142857143
-0.7881653139268519,0.03675970047651463,0.9642857142857143
-0.7873635928061455,0.03678474114441417,0.9642857142857143
-0.7867488486147322,0.03680981595092025,0.9642857142857143
-0.7864629812934172,0.036834924965893585,0.9642857142857143
-0.7854652233921626,0.03686006825938567,0.9642857142857143
-0.7849930866499286,0.036885245901639344,0.9642857142857143
-0.7846044892266358,0.03691045796308954,0.9642857142857143
-0.7839763793700012,0.036935704514363885,0.9642857142857143
-0.7834481669230046,0.03696098562628337,0.9642857142857143
-0.7824043323249907,0.036301369863013695,0.9464285714285714
-0.7822640482195913,0.0363262508567512,0.9464285714285714
-0.7821905930120185,0.03635116598079561,0.9464285714285714
-0.7817662046062009,0.0363761153054221,0.9464285714285714
-0.7816151914797645,0.036401098901098904,0.9464285714285714
-0.7810119469650715,0.036426116838487975,0.9464285714285714
-0.780810746369548,0.03645116918844567,0.9464285714285714
-0.7798745176157618,0.0364762560220234,0.9464285714285714
-0.7797361851067768,0.03650137741046832,0.9464285714285714
-0.7784603326180196,0.03652653342522398,0.9464285714285714
-0.7782884398800924,0.036551724137931035,0.9464285714285714
-0.7782656521649006,0.03657694962042788,0.9464285714285714
-0.7770372710360496,0.03591160220994475,0.9285714285714286
-0.7763952775971033,0.0359364201796821,0.9285714285714286
-0.7759721281168703,0.035961272475795295,0.9285714285714286
-0.773178952987246,0.035986159169550176,0.9285714285714286
-0.7724221137002784,0.036011080332409975,0.9285714285714286
-0.7710928881603221,0.036036036036036036,0.9285714285714286
-0.7703015026192077,0.036061026352288486,0.9285714285714286
-0.7701540512223906,0.03608605135322693,0.9285714285714286
-0.7699570690778432,0.03611111111111111,0.9285714285714286
-0.7690557996231909,0.03613620569840167,0.9285714285714286
-0.7689244734012076,0.03616133518776078,0.9285714285714286
-0.7688093179742703,0.03618649965205289,0.9285714285714286
-0.7681824196303776,0.036211699164345405,0.9285714285714286
-0.7679014583353561,0.03623693379790941,0.9285714285714286
-0.7665655285274005,0.03626220362622036,0.9285714285714286
-0.7660701453332769,0.03628750872295883,0.9285714285714286
-0.7655251220229703,0.036312849162011177,0.9285714285714286
-0.7652691831403327,0.0363382250174703,0.9285714285714286
-0.7649458228386481,0.03636363636363636,0.9285714285714286
-0.7642630302749331,0.0363890832750175,0.9285714285714286
-0.7641840391137187,0.036414565826330535,0.9285714285714286
-0.7640536508974968,0.036440084092501754,0.9285714285714286
-0.7627382559350002,0.0364656381486676,0.9285714285714286
-0.7622110573660789,0.036491228070175435,0.9285714285714286
-0.7613768069050119,0.03651685393258427,0.9285714285714286
-0.7610707224790436,0.036542515811665496,0.9285714285714286
-0.7610101674127594,0.03656821378340366,0.9285714285714286
-0.760905931602477,0.036593947923997186,0.9285714285714286
-0.7605278918366016,0.036619718309859155,0.9285714285714286
-0.7596571794005893,0.036645525017618044,0.9285714285714286
-0.7592356817890226,0.036671368124118475,0.9285714285714286
-0.7589466355517188,0.03669724770642202,0.9285714285714286
-0.7587130594002105,0.03672316384180791,0.9285714285714286
-0.7584365008596015,0.03674911660777385,0.9285714285714286
-0.7570297033180762,0.036775106082036775,0.9285714285714286
-0.7569962061390474,0.03680113234253362,0.9285714285714286
-0.7565700578298333,0.036827195467422094,0.9285714285714286
-0.7562416690821867,0.0368532955350815,0.9285714285714286
-0.7545392704484241,0.03687943262411347,0.9285714285714286
-0.7541415873298415,0.036905606813342796,0.9285714285714286
-0.7532085246500146,0.036931818181818184,0.9285714285714286
-0.7518647122005298,0.03695806680881308,0.9285714285714286
-0.7517880247435262,0.03698435277382646,0.9285714285714286
-0.7517613878414772,0.03701067615658363,0.9285714285714286
-0.7513834551852078,0.037037037037037035,0.9285714285714286
-0.7509275595556435,0.03706343549536707,0.9285714285714286
-0.7508972320664269,0.037089871611982884,0.9285714285714286
-0.7508087363675194,0.037116345467523196,0.9285714285714286
-0.7491217257151243,0.037142857142857144,0.9285714285714286
-0.7490342166510057,0.03716940671908506,0.9285714285714286
-0.7486658099127899,0.03719599427753934,0.9285714285714286
-0.7478485492091445,0.03722261989978525,0.9285714285714286
-0.7472450004533248,0.03724928366762178,0.9285714285714286
-0.7456700603603386,0.03727598566308244,0.9285714285714286
-0.745229746037412,0.03730272596843615,0.9285714285714286
-0.7448172143315039,0.03732950466618808,0.9285714285714286
-0.7443222537358627,0.03735632183908046,0.9285714285714286
-0.7437652952713085,0.037383177570093455,0.9285714285714286
-0.742623207254036,0.03741007194244604,0.9285714285714286
-0.7414454090980821,0.037437005039596835,0.9285714285714286
-0.7412145918058627,0.037463976945244955,0.9285714285714286
-0.7398491607107698,0.03749098774333093,0.9285714285714286
-0.7392851448142038,0.03751803751803752,0.9285714285714286
-0.7390392148495982,0.03754512635379061,0.9285714285714286
-0.7366342133784942,0.03757225433526012,0.9285714285714286
-0.7366120475792229,0.03759942154736081,0.9285714285714286
-0.7363424033937477,0.03762662807525326,0.9285714285714286
-0.7347397535612377,0.03765387400434468,0.9285714285714286
-0.7343795387458647,0.03768115942028986,0.9285714285714286
-0.7323638451507265,0.03698332124728064,0.9107142857142857
-0.7316622372040972,0.03701015965166909,0.9107142857142857
-0.7308471103876959,0.037037037037037035,0.9107142857142857
-0.7300587326983645,0.037063953488372096,0.9107142857142857
-0.7286964865883668,0.03709090909090909,0.9107142857142857
-0.7282404480996763,0.03711790393013101,0.9107142857142857
-0.7273424271659515,0.037144938091769844,0.9107142857142857
-0.726795661830594,0.03717201166180758,0.9107142857142857
-0.7267881951734663,0.03646973012399708,0.8928571428571429
-0.7266285320744162,0.0364963503649635,0.8928571428571429
-0.7266115505635325,0.036523009495982466,0.8928571428571429
-0.725728042210038,0.03654970760233918,0.8928571428571429
-0.7245842063874406,0.036576444769568395,0.8928571428571429
-0.723948209365115,0.036603221083455345,0.8928571428571429
-0.723737962658878,0.03663003663003663,0.8928571428571429
-0.7234305678590834,0.036656891495601175,0.8928571428571429
-0.7213352172051438,0.036683785766691124,0.8928571428571429
-0.7210727485628812,0.03671071953010279,0.8928571428571429
-0.7154434779097816,0.036737692872887584,0.8928571428571429
-0.7139276489048917,0.03676470588235294,0.8928571428571429
-0.7137760774314224,0.03679175864606328,0.8928571428571429
-0.7135327335225127,0.036818851251840944,0.8928571428571429
-0.7134862197693499,0.036845983787767135,0.8928571428571429
-0.7117994503231447,0.03687315634218289,0.8928571428571429
-0.711194212799449,0.03690036900369004,0.8928571428571429
-0.7107908020777953,0.03692762186115214,0.8928571428571429
-0.710387452675508,0.03695491500369549,0.8928571428571429
-0.7096042841319885,0.03698224852071006,0.8928571428571429
-0.7086617983627242,0.037009622501850484,0.8928571428571429
-0.7078368100680706,0.037037037037037035,0.8928571428571429
-0.7063683116628781,0.037064492216456635,0.8928571428571429
-0.706094841545171,0.037091988130563795,0.8928571428571429
-0.7053878591466469,0.03711952487008166,0.8928571428571429
-0.7042720622729577,0.036404160475482915,0.875
-0.7029627031724961,0.036431226765799254,0.875
-0.7029030079097378,0.036458333333333336,0.875
-0.7023434826694909,0.03648548026805659,0.875
-0.7015058273968086,0.03651266766020864,0.875
-0.7008863305350349,0.036539895600298286,0.875
-0.7000782608407463,0.03656716417910448,0.875
-0.6995422062124992,0.03659447348767737,0.875
-0.6995134822447368,0.03662182361733931,0.875
-0.6980486993085636,0.03664921465968586,0.875
-0.697799828396347,0.036676646706586824,0.875
-0.6976599551855706,0.03670411985018727,0.875
-0.6972430472627023,0.03673163418290855,0.875
-0.6934338602141769,0.03675918979744936,0.875
-0.6930913692344435,0.03678678678678678,0.875
-0.6928015759922276,0.03681442524417731,0.875
-0.6921772681935618,0.03684210526315789,0.875
-0.6920564999704428,0.03686982693754703,0.875
-0.6907912763055476,0.036897590361445784,0.875
-0.6902033337712274,0.03692539562923888,0.875
-0.6901946462580906,0.03695324283559578,0.875
-0.6901190039541267,0.0369811320754717,0.875
-0.6899104760212792,0.03700906344410876,0.875
-0.6897407427162318,0.037037037037037035,0.875
-0.6894482230017085,0.037065052950075644,0.875
-0.689313665228099,0.03709311127933384,0.875
-0.6892894462671821,0.037121212121212124,0.875
-0.6884164074841084,0.037149355572403335,0.875
-0.6883765966216576,0.03717754172989378,0.875
-0.688276246470565,0.03720577069096431,0.875
-0.6880142478544687,0.03723404255319149,0.875
-0.6856857318747134,0.037262357414448666,0.875
-0.6854595318858687,0.03729071537290715,0.875
-0.6842702861114588,0.037319116527037316,0.875
-0.6840521087062299,0.037347560975609755,0.875
-0.68130360309122,0.03737604881769641,0.875
-0.678486080703355,0.03740458015267176,0.875
-0.6783905299388413,0.0374331550802139,0.875
-0.678182466165828,0.03746177370030581,0.875
-0.6780591525149717,0.03749043611323642,0.875
-0.6776767222355541,0.03751914241960184,0.875
-0.6776006376826136,0.037547892720306515,0.875
-0.6773685736502849,0.037576687116564415,0.875
-0.6769179421242448,0.03760552570990023,0.875
-0.6765797827906934,0.03763440860215054,0.875
-0.6764894551692557,0.03766333589546503,0.875
-0.6762768167014744,0.03769230769230769,0.875
-0.6760172643107607,0.037721324095458045,0.875
-0.6758459110652718,0.03775038520801233,0.875
-0.6757362968037353,0.03777949113338473,0.875
-0.6751821538908696,0.03780864197530864,0.875
-0.67462501965312,0.03783783783783784,0.875
-0.674290434242163,0.03786707882534776,0.875
-0.6732595457346493,0.03789636504253674,0.875
-0.6730879393799344,0.037925696594427245,0.875
-0.6728998710640409,0.037180480247869865,0.8571428571428571
-0.6725135452793307,0.037209302325581395,0.8571428571428571
-0.6712824112485924,0.037238169123351435,0.8571428571428571
-0.6701638191607049,0.037267080745341616,0.8571428571428571
-0.6696159513860979,0.037296037296037296,0.8571428571428571
-0.6692569392212946,0.03732503888024884,0.8571428571428571
-0.6676479615705175,0.03735408560311284,0.8571428571428571
-0.6675952449977284,0.037383177570093455,0.8571428571428571
-0.6654706106706679,0.037412314886983634,0.8571428571428571
-0.6622609989967839,0.0374414976599064,0.8571428571428571
-0.6620733256947723,0.03747072599531616,0.8571428571428571
-0.6614430897079848,0.0375,0.8571428571428571
-0.6613481852983166,0.03752931978107897,0.8571428571428571
-0.6603817058848104,0.03755868544600939,0.8571428571428571
-0.6597619828235828,0.037588097102584185,0.8571428571428571
-0.6591392662247831,0.03761755485893417,0.8571428571428571
-0.6587793454817259,0.03764705882352941,0.8571428571428571
-0.6586207912278306,0.03767660910518053,0.8571428571428571
-0.658464114067318,0.037706205813040065,0.8571428571428571
-0.658440958501998,0.03773584905660377,0.8571428571428571
-0.6578470001351358,0.03776553894571204,0.8571428571428571
-0.6558533889745822,0.03779527559055118,0.8571428571428571
-0.6551981034971984,0.037825059101654845,0.8571428571428571
-0.6550128018691489,0.03785488958990536,0.8571428571428571
-0.6538418831503652,0.037884767166535126,0.8571428571428571
-0.6524053159198043,0.037914691943127965,0.8571428571428571
-0.6523465697210435,0.037944664031620556,0.8571428571428571
-0.6502942642224551,0.0379746835443038,0.8571428571428571
-0.6498840261364383,0.03800475059382423,0.8571428571428571
-0.6496706590063568,0.03803486529318542,0.8571428571428571
-0.6496501853498282,0.0380650277557494,0.8571428571428571
-0.6493101195905977,0.0380952380952381,0.8571428571428571
-0.6486726666796826,0.03812549642573471,0.8571428571428571
-0.648473858631683,0.03815580286168521,0.8571428571428571
-0.6479807028753013,0.03739061256961018,0.8392857142857143
-0.6470105429208985,0.037420382165605094,0.8392857142857143
-0.6469351969458773,0.03745019920318725,0.8392857142857143
-0.645304008203077,0.037480063795853266,0.8392857142857143
-0.6441402096345696,0.03750997605746209,0.8392857142857143
-0.6439504662414451,0.037539936102236424,0.8392857142857143
-0.6433492851139438,0.037569944044764186,0.8392857142857143
-0.6429751666048792,0.0376,0.8392857142857143
-0.6425199032483982,0.03682946357085669,0.8214285714285714
-0.6424966919563073,0.03685897435897436,0.8214285714285714
-0.6386761654286156,0.03688853247794707,0.8214285714285714
-0.6375217901592183,0.03691813804173355,0.8214285714285714
-0.6360659931970107,0.036947791164658635,0.8214285714285714
-0.6358957908441362,0.03697749196141479,0.8214285714285714
-0.6353113678110089,0.03700724054706356,0.8214285714285714
-0.6352186476068498,0.037037037037037035,0.8214285714285714
-0.6300634233348376,0.037066881547139406,0.8214285714285714
-0.629669892415283,0.037096774193548385,0.8214285714285714
-0.629626140622539,0.03712671509281679,0.8214285714285714
-0.626175986264144,0.036348949919224556,0.8035714285714286
-0.6250972576764164,0.03637833468067906,0.8035714285714286
-0.6250085888185773,0.03640776699029126,0.8035714285714286
-0.6249553514068834,0.03643724696356275,0.8035714285714286
-0.6238392769385855,0.03646677471636953,0.8035714285714286
-0.6220384341249326,0.0364963503649635,0.8035714285714286
-0.6209709577627414,0.036525974025974024,0.8035714285714286
-0.6199538643025906,0.036555645816409424,0.8035714285714286
-0.618832516982433,0.036585365853658534,0.8035714285714286
-0.618134005319594,0.03661513425549227,0.8035714285714286
-0.6172338586754272,0.03664495114006515,0.8035714285714286
-0.6168449178273201,0.03667481662591687,0.8035714285714286
-0.6159789805617017,0.0367047308319739,0.8035714285714286
-0.6152003269606638,0.036734693877551024,0.8035714285714286
-0.6126922703094122,0.03676470588235294,0.8035714285714286
-0.6123589947765546,0.03679476696647588,0.8035714285714286
-0.6123433968060108,0.036824877250409165,0.8035714285714286
-0.6121960827955977,0.036855036855036855,0.8035714285714286
-0.6120872080571059,0.036885245901639344,0.8035714285714286
-0.6112338934388106,0.03691550451189499,0.8035714285714286
-0.6083685737661877,0.03694581280788178,0.8035714285714286
-0.6074672351497076,0.03697617091207888,0.8035714285714286
-0.6073404895534219,0.03700657894736842,0.8035714285714286
-0.6061816684917104,0.037037037037037035,0.8035714285714286
-0.6060182113396221,0.03706754530477759,0.8035714285714286
-0.605894154723014,0.03709810387469085,0.8035714285714286
-0.6046526128696341,0.03712871287128713,0.8035714285714286
-0.6041633078168698,0.037159372419488024,0.8035714285714286
-0.6030527452981239,0.0371900826446281,0.8035714285714286
-0.601534965201407,0.03722084367245657,0.8035714285714286
-0.6008688013924229,0.037251655629139076,0.8035714285714286
-0.6004721592857462,0.037282518641259324,0.8035714285714286
-0.6004599991133099,0.03731343283582089,0.8035714285714286
-0.5999059445286834,0.03734439834024896,0.8035714285714286
-0.5994680193691275,0.03737541528239203,0.8035714285714286
-0.5987551410127913,0.03740648379052369,0.8035714285714286
-0.5967868501276471,0.03743760399334443,0.8035714285714286
-0.596651683593258,0.03746877601998335,0.8035714285714286
-0.5966287468037846,0.0375,0.8035714285714286
-0.5940617595337322,0.03753127606338615,0.8035714285714286
-0.5929085539153522,0.037562604340567615,0.8035714285714286
-0.5926290204850532,0.03759398496240601,0.8035714285714286
-0.5914801142742008,0.03762541806020067,0.8035714285714286
-0.5914608196207383,0.03765690376569038,0.8035714285714286
-0.5906339438779238,0.03768844221105527,0.8035714285714286
-0.5890252718381405,0.037720033528918694,0.8035714285714286
-0.5888331461696223,0.037751677852348994,0.8035714285714286
-0.58835210787621,0.037783375314861464,0.8035714285714286
-0.5882812929313049,0.037815126050420166,0.8035714285714286
-0.5879318369401901,0.03784693019343986,0.8035714285714286
-0.5868742563910745,0.03787878787878788,0.8035714285714286
-0.5862165554956732,0.037910699241786014,0.8035714285714286
-0.5859986326060396,0.03794266441821248,0.8035714285714286
-0.584896478269105,0.0379746835443038,0.8035714285714286
-0.5821499758971512,0.03800675675675676,0.8035714285714286
-0.5787072203652148,0.03803888419273035,0.8035714285714286
-0.5782458843064688,0.03807106598984772,0.8035714285714286
-0.577777658609448,0.03810330228619814,0.8035714285714286
-0.5777407345238259,0.038135593220338986,0.8035714285714286
-0.5767635266774341,0.03816793893129771,0.8035714285714286
-0.5765413774845021,0.038200339558573854,0.8035714285714286
-0.5760070777855728,0.038232795242141036,0.8035714285714286
-0.5754739176793889,0.03826530612244898,0.8035714285714286
-0.5735269355248451,0.03829787234042553,0.8035714285714286
-0.5734662041220329,0.03833049403747871,0.8035714285714286
-0.5729161878695578,0.03836317135549872,0.8035714285714286
-0.5724491024904296,0.03839590443686007,0.8035714285714286
-0.5723215375099462,0.03842869342442357,0.8035714285714286
-0.5722497329871611,0.038461538461538464,0.8035714285714286
-0.5721014079983922,0.03849443969204448,0.8035714285714286
-0.5715691887198521,0.038527397260273974,0.8035714285714286
-0.5712473551632404,0.038560411311053984,0.8035714285714286
-0.5709294587562891,0.038593481989708404,0.8035714285714286
-0.5703560551442467,0.03862660944206009,0.8035714285714286
-0.5700558707136693,0.03865979381443299,0.8035714285714286
-0.5696013955009971,0.03869303525365434,0.8035714285714286
-0.5695305766725276,0.0387263339070568,0.8035714285714286
-0.569294004379542,0.03875968992248062,0.8035714285714286
-0.56809247774197,0.03879310344827586,0.8035714285714286
-0.5669988003950662,0.03882657463330457,0.8035714285714286
-0.5664348291139193,0.038860103626943004,0.8035714285714286
-0.5663937571991468,0.03889369057908384,0.8035714285714286
-0.565407594075859,0.03892733564013841,0.8035714285714286
-0.5646890976253917,0.03896103896103896,0.8035714285714286
-0.5621889395934295,0.0389948006932409,0.8035714285714286
-0.5616069280030868,0.03902862098872507,0.8035714285714286
-0.5613987750438117,0.0390625,0.8035714285714286
-0.5611160664103965,0.03909643788010426,0.8035714285714286
-0.559462761399087,0.03826086956521739,0.7857142857142857
-0.5586335808165905,0.038294168842471714,0.7857142857142857
-0.5579439919458199,0.03832752613240418,0.7857142857142857
-0.557263022166428,0.03836094158674804,0.7857142857142857
-0.5569803201925521,0.038394415357766144,0.7857142857142857
-0.5564073279697677,0.03842794759825328,0.7857142857142857
-0.5551042033465352,0.038461538461538464,0.7857142857142857
-0.5545246919249535,0.03849518810148731,0.7857142857142857
-0.5543160220699986,0.03852889667250438,0.7857142857142857
-0.553633898633262,0.03856266432953549,0.7857142857142857
-0.5531982918953766,0.03859649122807018,0.7857142857142857
-0.5529365901927165,0.038630377524143986,0.7857142857142857
-0.5515838182225757,0.03866432337434095,0.7857142857142857
-0.5509915224717371,0.03869832893579595,0.7857142857142857
-0.5502380559819547,0.03873239436619718,0.7857142857142857
-0.5502293478222656,0.038766519823788544,0.7857142857142857
-0.5500868292653819,0.03880070546737213,0.7857142857142857
-0.5500342358666032,0.038834951456310676,0.7857142857142857
-0.5493239912170569,0.038869257950530034,0.7857142857142857
-0.5493236746268327,0.038903625110521665,0.7857142857142857
-0.5481177702894167,0.03893805309734513,0.7857142857142857
-0.5480892823372476,0.03897254207263064,0.7857142857142857
-0.5467198067194957,0.03900709219858156,0.7857142857142857
-0.5466794559267869,0.03904170363797693,0.7857142857142857
-0.5466289457000292,0.03907637655417407,0.7857142857142857
-0.5462951161952059,0.03911111111111111,0.7857142857142857
-0.5462368577361604,0.03914590747330961,0.7857142857142857
-0.5462198528986758,0.039180765805877114,0.7857142857142857
-0.5455911579302769,0.0392156862745098,0.7857142857142857
-0.5447847979053546,0.039250669045495096,0.7857142857142857
-0.5403689423573291,0.039285714285714285,0.7857142857142857
-0.5400015963066935,0.03932082216264522,0.7857142857142857
-0.5396461900871736,0.03935599284436494,0.7857142857142857
-0.5393288632872472,0.03939122649955237,0.7857142857142857
-0.5384236630740022,0.03942652329749104,0.7857142857142857
-0.5379592108886747,0.039461883408071746,0.7857142857142857
-0.537468944603863,0.03949730700179533,0.7857142857142857
-0.537362520222686,0.039532794249775384,0.7857142857142857
-0.5371912060644161,0.039568345323741004,0.7857142857142857
-0.5368856283082762,0.039603960396039604,0.7857142857142857
-0.5368178679430368,0.03963963963963964,0.7857142857142857
-0.5356982638473985,0.03967538322813345,0.7857142857142857
-0.535201781003076,0.039711191335740074,0.7857142857142857
-0.5344906067436721,0.03974706413730804,0.7857142857142857
-0.5336114319237214,0.039783001808318265,0.7857142857142857
-0.5332097184982086,0.039819004524886875,0.7857142857142857
-0.5315045215393709,0.03985507246376811,0.7857142857142857
-0.5310318240996301,0.03989120580235721,0.7857142857142857
-0.5302204819138038,0.039927404718693285,0.7857142857142857
-0.5293908938583693,0.03996366939146231,0.7857142857142857
-0.529318388686896,0.04,0.7857142857142857
-0.5285457083799195,0.040036396724294813,0.7857142857142857
-0.5271053408844285,0.04007285974499089,0.7857142857142857
-0.527041609668367,0.040109389243391066,0.7857142857142857
-0.5266079152058437,0.040145985401459854,0.7857142857142857
-0.5259219591823118,0.039269406392694065,0.7678571428571429
-0.5248766821909202,0.03930530164533821,0.7678571428571429
-0.5244262518682304,0.039341262580054895,0.7678571428571429
-0.5243831587634864,0.039377289377289376,0.7678571428571429
-0.5241996812904192,0.03941338221814849,0.7678571428571429
-0.5235340026284434,0.03944954128440367,0.7678571428571429
-0.5221668232229605,0.03948576675849403,0.7678571428571429
-0.5219831964186521,0.03952205882352941,0.7678571428571429
-0.5219534626311962,0.03955841766329347,0.7678571428571429
-0.5188144795970004,0.03959484346224678,0.7678571428571429
-0.5185694497844728,0.03963133640552995,0.7678571428571429
-0.5176181386992411,0.03966789667896679,0.7678571428571429
-0.5165628653075504,0.03970452446906741,0.7678571428571429
-0.5160166132250932,0.03974121996303143,0.7678571428571429
-0.5153509801975382,0.039777983348751156,0.7678571428571429
-0.5144378226959032,0.03981481481481482,0.7678571428571429
-0.5129216867046343,0.03985171455050973,0.7678571428571429
-0.511784293153331,0.039888682745825604,0.7678571428571429
-0.509974667678133,0.039925719591457756,0.7678571428571429
-0.5098951839687351,0.039962825278810406,0.7678571428571429
-0.507276729780125,0.04,0.7678571428571429
-0.5056669427557533,0.04003724394785847,0.7678571428571429
-0.5055512996704029,0.04007455731593663,0.7678571428571429
-0.5048824706711017,0.04011194029850746,0.7678571428571429
-0.5045809771704791,0.040149393090569564,0.7678571428571429
-0.5042857415404293,0.04018691588785047,0.7678571428571429
-0.5041478045646964,0.040224508886810104,0.7678571428571429
-0.5036493053506267,0.040262172284644196,0.7678571428571429
-0.503041110208971,0.04029990627928772,0.7678571428571429
-0.502511645864525,0.040337711069418386,0.7678571428571429
-0.5020816473140134,0.04037558685446009,0.7678571428571429
-0.5017487831690317,0.040413533834586464,0.7678571428571429
-0.5008472290653673,0.04045155221072436,0.7678571428571429
-0.500709060878958,0.04048964218455744,0.7678571428571429
-0.5001513612280581,0.04052780395852969,0.7678571428571429
-0.4996988196393627,0.040566037735849055,0.7678571428571429
-0.4992332086785632,0.04060434372049103,0.7678571428571429
-0.498749523228678,0.04064272211720227,0.7678571428571429
-0.4982237187077122,0.04068117313150426,0.7678571428571429
-0.4981609929499674,0.04071969696969697,0.7678571428571429
-0.4973973147957526,0.04075829383886256,0.7678571428571429
-0.4973582298009675,0.04079696394686907,0.7678571428571429
-0.4966759285502775,0.04083570750237417,0.7678571428571429
-0.4963322330907291,0.0408745247148289,0.7678571428571429
-0.4959517152429519,0.04091341579448145,0.7678571428571429
-0.4956519278944569,0.040952380952380955,0.7678571428571429
-0.4953235044923607,0.04099142040038131,0.7678571428571429
-0.4945356681722055,0.04103053435114504,0.7678571428571429
-0.4942785936563707,0.041069723018147083,0.7678571428571429
-0.4936572949060741,0.04110898661567878,0.7678571428571429
-0.4934837613235539,0.04114832535885168,0.7678571428571429
-0.4924632049922171,0.04118773946360153,0.7678571428571429
-0.4917908473742678,0.04122722914669223,0.7678571428571429
-0.4914252587329177,0.04126679462571977,0.7678571428571429
-0.4912243173503853,0.04130643611911623,0.7678571428571429
-0.4908985869403413,0.041346153846153845,0.7678571428571429
-0.489142799123709,0.04138594802694899,0.7678571428571429
-0.4888210163716805,0.041425818882466284,0.7678571428571429
-0.4870856596572059,0.041465766634522665,0.7678571428571429
-0.4859812825138681,0.041505791505791506,0.7678571428571429
-0.4853337071661074,0.04154589371980676,0.7678571428571429
-0.4848412652022691,0.041586073500967116,0.7678571428571429
-0.48457295419378,0.041626331074540175,0.7678571428571429
-0.4841602726814777,0.041666666666666664,0.7678571428571429
-0.4841391809750747,0.041707080504364696,0.7678571428571429
-0.4840936550090991,0.04174757281553398,0.7678571428571429
-0.4836330511161307,0.04178814382896016,0.7678571428571429
-0.4835509251357616,0.04182879377431906,0.7678571428571429
-0.4819238056343101,0.04186952288218111,0.7678571428571429
-0.4815519411336583,0.04191033138401559,0.7678571428571429
-0.4799762991135616,0.041951219512195125,0.7678571428571429
-0.4796117423516789,0.0419921875,0.7678571428571429
-0.4787099467731698,0.042033235581622676,0.7678571428571429
-0.4780069571594026,0.04207436399217221,0.7678571428571429
-0.4779121299142697,0.04211557296767875,0.7678571428571429
-0.4764015955840427,0.04215686274509804,0.7678571428571429
-0.474765019649435,0.042198233562315994,0.7678571428571429
-0.4743548709739711,0.04223968565815324,0.7678571428571429
-0.4739283670247542,0.04228121927236971,0.7678571428571429
-0.4737730145303988,0.04232283464566929,0.7678571428571429
-0.4727676716822723,0.042364532019704436,0.7678571428571429
-0.4720323796843562,0.04240631163708087,0.7678571428571429
-0.4717158002846754,0.04244817374136229,0.7678571428571429
-0.4704592119415466,0.042490118577075096,0.7678571428571429
-0.4700024320916672,0.04253214638971316,0.7678571428571429
-0.4689928572536226,0.04257425742574258,0.7678571428571429
-0.4688135243461245,0.04261645193260654,0.7678571428571429
-0.4674120444154497,0.04265873015873016,0.7678571428571429
-0.4664435652400487,0.04270109235352532,0.7678571428571429
-0.4655942350619574,0.042743538767395624,0.7678571428571429
-0.4650298221834528,0.042786069651741296,0.7678571428571429
-0.464962935841499,0.04282868525896414,0.7678571428571429
-0.4641454973919749,0.04287138584247258,0.7678571428571429
-0.463091910398099,0.04291417165668663,0.7678571428571429
-0.4629770371161692,0.04295704295704296,0.7678571428571429
-0.4616117052327068,0.043,0.7678571428571429
-0.4602806500522961,0.043043043043043044,0.7678571428571429
-0.4582058652373234,0.04308617234468938,0.7678571428571429
-0.4579647480480716,0.04312938816449348,0.7678571428571429
-0.4574531244254372,0.04317269076305221,0.7678571428571429
-0.4571528411608737,0.04321608040201005,0.7678571428571429
-0.4552417332091914,0.043259557344064385,0.7678571428571429
-0.4545571114026868,0.0433031218529708,0.7678571428571429
-0.4545428405826939,0.04334677419354839,0.7678571428571429
-0.453920623039632,0.04339051463168517,0.7678571428571429
-0.4535521183268242,0.043434343434343436,0.7678571428571429
-0.4523639396142321,0.043478260869565216,0.7678571428571429
-0.4511947570111082,0.043522267206477734,0.7678571428571429
-0.4499938561247414,0.04356636271529889,0.7678571428571429
-0.449956941918785,0.0436105476673428,0.7678571428571429
-0.4481975422921404,0.04263959390862944,0.75
-0.4479006546121697,0.042682926829268296,0.75
-0.4475932765641219,0.042726347914547304,0.75
-0.4474337193040008,0.04276985743380855,0.75
-0.4474185482161193,0.04281345565749235,0.75
-0.4443640980431417,0.04285714285714286,0.75
-0.4422904486510952,0.04290091930541369,0.75
-0.4415439667882798,0.04294478527607362,0.75
-0.4408949161705193,0.042988741044012284,0.75
-0.4401743002330861,0.0430327868852459,0.75
-0.439911781074671,0.043076923076923075,0.75
-0.4375793592125654,0.043121149897330596,0.75
-0.4363476797743421,0.04316546762589928,0.75
-0.4361015056816456,0.043209876543209874,0.75
-0.4356085636023449,0.04325437693099897,0.75
-0.4356071364689949,0.04329896907216495,0.75
-0.4351772838585145,0.043343653250773995,0.75
-0.4341366612403611,0.04338842975206612,0.75
-0.4324131688229559,0.04343329886246122,0.75
-0.432059737016803,0.043478260869565216,0.75
-0.4315376797345536,0.043523316062176166,0.75
-0.4305348375432385,0.043568464730290454,0.75
-0.4300856091627376,0.04361370716510903,0.75
-0.4291682746976358,0.04365904365904366,0.75
-0.4280046313886687,0.043704474505723206,0.75
-0.4277748980625064,0.04375,0.75
-0.4259242248845433,0.043795620437956206,0.75
-0.4256497590048702,0.04384133611691023,0.75
-0.4249034403222157,0.0438871473354232,0.75
-0.424236286852867,0.043933054393305436,0.75
-0.4218677716615873,0.04397905759162304,0.75
-0.4214167747233411,0.0440251572327044,0.75
-0.4207183650195303,0.04407135362014691,0.75
-0.4204712152125985,0.04411764705882353,0.75
-0.4186600589875529,0.04416403785488959,0.75
-0.4182184017823909,0.04421052631578947,0.75
-0.4170499685536272,0.044257112750263436,0.75
-0.4163767983342854,0.04430379746835443,0.75
-0.4154540705901021,0.044350580781414996,0.75
-0.4153760669668652,0.04439746300211417,0.75
-0.4132286437459032,0.044444444444444446,0.75
-0.4120353864748132,0.04449152542372881,0.75
-0.4103185739672265,0.044538706256627786,0.75
-0.4098196697475854,0.044585987261146494,0.75
-0.4088644424438881,0.044633368756641874,0.75
-0.4082370293043725,0.04468085106382979,0.75
-0.4078612304526135,0.04472843450479233,0.75
-0.4078010084268904,0.04477611940298507,0.75
-0.4033844539875325,0.044823906083244394,0.75
-0.4024403773345642,0.04487179487179487,0.75
-0.402210863021731,0.044919786096256686,0.75
-0.4016536218305789,0.044967880085653104,0.75
-0.4009298084109839,0.04501607717041801,0.75
-0.4009158090098758,0.045064377682403435,0.75
-0.4007677097325601,0.045112781954887216,0.75
-0.4007404532963393,0.04516129032258064,0.75
-0.4004044303025669,0.04520990312163617,0.75
-0.3998398460222647,0.04525862068965517,0.75
-0.3995281473827863,0.045307443365695796,0.75
-0.3991173614259424,0.04535637149028078,0.75
-0.3986121264852301,0.04540540540540541,0.75
-0.3978982626659189,0.045454545454545456,0.75
-0.3970982018854911,0.04550379198266522,0.75
-0.3965266770071935,0.0455531453362256,0.75
-0.3963411798834578,0.04560260586319218,0.75
-0.3951312081041193,0.04565217391304348,0.75
-0.3923868634208466,0.04570184983677911,0.75
-0.39011659127898,0.0457516339869281,0.75
-0.3888477746800958,0.04580152671755725,0.75
-0.3878774285957641,0.04585152838427948,0.75
-0.3878709979669569,0.04590163934426229,0.75
-0.3875088204427266,0.045951859956236324,0.75
-0.386056245879916,0.04600219058050383,0.75
-0.3853100106788974,0.046052631578947366,0.75
-0.3852451169818741,0.04610318331503842,0.75
-0.3849149341656167,0.046153846153846156,0.75
-0.3838823467142931,0.0462046204620462,0.75
-0.383691128241719,0.046255506607929514,0.75
-0.3836630612329237,0.04630650496141125,0.75
-0.3833774213619672,0.046357615894039736,0.75
-0.3779656786196238,0.04640883977900553,0.75
-0.3775106098367531,0.046460176991150445,0.75
-0.3771489847322626,0.046511627906976744,0.75
-0.3749896230006609,0.04656319290465632,0.75
-0.3740631478712685,0.04661487236403995,0.75
-0.3738599758735572,0.04555555555555556,0.7321428571428571
-0.3736807770581872,0.04560622914349277,0.7321428571428571
-0.3727078349204263,0.045657015590200446,0.7321428571428571
-0.3715565206708696,0.045707915273132664,0.7321428571428571
-0.3710671135383592,0.04575892857142857,0.7321428571428571
-0.3707754985845744,0.04581005586592179,0.7321428571428571
-0.369755138117697,0.04586129753914989,0.7321428571428571
-0.3694702088440414,0.04591265397536394,0.7321428571428571
-0.3692878276813621,0.04596412556053812,0.7321428571428571
-0.3678176932986473,0.04601571268237935,0.7321428571428571
-0.3675936158158517,0.046067415730337076,0.7321428571428571
-0.3650337945219651,0.04611923509561305,0.7321428571428571
-0.3648596636721039,0.04617117117117117,0.7321428571428571
-0.363583345189774,0.046223224351747465,0.7321428571428571
-0.3631383478182395,0.046275395033860044,0.7321428571428571
-0.3630035996552348,0.04632768361581921,0.7321428571428571
-0.3626584901423946,0.04638009049773756,0.7321428571428571
-0.3625272586922303,0.0464326160815402,0.7321428571428571
-0.3618278135038473,0.046485260770975055,0.7321428571428571
-0.3612714344161801,0.046538024971623154,0.7321428571428571
-0.3610276698656308,0.04659090909090909,0.7321428571428571
-0.3597948770469028,0.04664391353811149,0.7321428571428571
-0.3592949888879074,0.04669703872437358,0.7321428571428571
-0.3592813112518472,0.046750285062713795,0.7321428571428571
-0.3591931001674516,0.04680365296803653,0.7321428571428571
-0.3591910912116136,0.046857142857142854,0.7321428571428571
-0.3590705672799761,0.04691075514874142,0.7321428571428571
-0.3588658964300759,0.046964490263459335,0.7321428571428571
-0.3586427749687282,0.047018348623853214,0.7321428571428571
-0.3581693446258088,0.04707233065442021,0.7321428571428571
-0.3574346291322783,0.047126436781609195,0.7321428571428571
-0.3569423433068802,0.047180667433831994,0.7321428571428571
-0.3561362283422349,0.04723502304147465,0.7321428571428571
-0.3560827507059034,0.04728950403690888,0.7321428571428571
-0.3535169926182518,0.04734411085450346,0.7321428571428571
-0.3529029469929722,0.047398843930635835,0.7321428571428571
-0.352348091509183,0.047453703703703706,0.7321428571428571
-0.351066961246719,0.047508690614136734,0.7321428571428571
-0.3510315433999652,0.04756380510440835,0.7321428571428571
-0.3497658901854183,0.047619047619047616,0.7321428571428571
-0.3479795276068978,0.047674418604651166,0.7321428571428571
-0.3464554894674114,0.047729918509895226,0.7321428571428571
-0.3441710277829375,0.047785547785547784,0.7321428571428571
-0.3427094039805333,0.047841306884480746,0.7321428571428571
-0.3419850893314221,0.04789719626168224,0.7321428571428571
-0.3415956468277606,0.047953216374269005,0.7321428571428571
-0.3413820531992719,0.04800936768149883,0.7321428571428571
-0.3391306187570284,0.04806565064478312,0.7321428571428571
-0.3384122087626857,0.04812206572769953,0.7321428571428571
-0.3371099947103531,0.0481786133960047,0.7321428571428571
-0.3369503342789864,0.04823529411764706,0.7321428571428571
-0.3367137523100086,0.048292108362779744,0.7321428571428571
-0.3354924107880084,0.04834905660377359,0.7321428571428571
-0.3345861197201236,0.048406139315230225,0.7321428571428571
-0.3339054258257277,0.04846335697399527,0.7321428571428571
-0.3334736010805647,0.0485207100591716,0.7321428571428571
-0.3334198386767131,0.0485781990521327,0.7321428571428571
-0.3328628910456687,0.04863582443653618,0.7321428571428571
-0.3326591490596688,0.048693586698337295,0.7321428571428571
-0.3324744142230553,0.04875148632580262,0.7321428571428571
-0.3300900895110448,0.04880952380952381,0.7321428571428571
-0.3295897586590203,0.04886769964243146,0.7321428571428571
-0.3295752390912344,0.0477326968973747,0.7142857142857143
-0.3290940187190372,0.04778972520908005,0.7142857142857143
-0.3280684757230452,0.04665071770334928,0.6964285714285714
-0.3278050375269007,0.046706586826347304,0.6964285714285714
-0.3274444530967441,0.046762589928057555,0.6964285714285714
-0.3252983293471774,0.0468187274909964,0.6964285714285714
-0.3252873000222841,0.04567307692307692,0.6785714285714286
-0.324833289370547,0.0457280385078219,0.6785714285714286
-0.3223207123275765,0.04578313253012048,0.6785714285714286
-0.3222585223376303,0.045838359469240045,0.6785714285714286
-0.3210007988478603,0.04589371980676329,0.6785714285714286
-0.3182068399226014,0.045949214026602174,0.6785714285714286
-0.3180739842328554,0.04600484261501211,0.6785714285714286
-0.3168188153280575,0.04606060606060606,0.6785714285714286
-0.3158816672646261,0.04611650485436893,0.6785714285714286
-0.3157852804357346,0.046172539489671933,0.6785714285714286
-0.3136872129550104,0.046228710462287104,0.6785714285714286
-0.3113630250394919,0.04628501827040195,0.6785714285714286
-0.3104603361911272,0.046341463414634146,0.6785714285714286
-0.3097560598965905,0.0463980463980464,0.6785714285714286
-0.3097407319080723,0.04645476772616137,0.6785714285714286
-0.3091498852263654,0.046511627906976744,0.6785714285714286
-0.3085720904001764,0.04656862745098039,0.6785714285714286
-0.3071420541668572,0.046625766871165646,0.6785714285714286
-0.3063702920193003,0.04668304668304668,0.6785714285714286
-0.3033061888036608,0.046740467404674045,0.6785714285714286
-0.3000591928365917,0.046798029556650245,0.6785714285714286
-0.2987878518098477,0.0468557336621455,0.6785714285714286
-0.2987069275182948,0.04691358024691358,0.6785714285714286
-0.2985945701020752,0.04697156983930779,0.6785714285714286
-0.2984615556072389,0.04702970297029703,0.6785714285714286
-0.2979032316079534,0.04708798017348203,0.6785714285714286
-0.2970144008217798,0.04714640198511166,0.6785714285714286
-0.2963823784064138,0.04720496894409938,0.6785714285714286
-0.2958110593984351,0.0472636815920398,0.6785714285714286
-0.2955570025606812,0.047322540473225407,0.6785714285714286
-0.2938857959024574,0.04738154613466334,0.6785714285714286
-0.2926915548789506,0.04744069912609238,0.6785714285714286
-0.2922334832968845,0.0475,0.6785714285714286
-0.2912796916520864,0.04755944931163955,0.6785714285714286
-0.2910338311209101,0.047619047619047616,0.6785714285714286
-0.2898569107275596,0.04767879548306148,0.6785714285714286
-0.2889619371339302,0.04773869346733668,0.6785714285714286
-0.2870840717342416,0.04779874213836478,0.6785714285714286
-0.2861391992339018,0.04785894206549118,0.6785714285714286
-0.2857918743250606,0.04791929382093316,0.6785714285714286
-0.2844691778608773,0.047979797979797977,0.6785714285714286
-0.284327211521068,0.04677623261694058,0.6607142857142857
-0.2839614340300334,0.04683544303797468,0.6607142857142857
-0.2836442651966042,0.046894803548795945,0.6607142857142857
-0.2825001473346613,0.046954314720812185,0.6607142857142857
-0.281730802358631,0.04701397712833545,0.6607142857142857
-0.2798990317414645,0.047073791348600506,0.6607142857142857
-0.2791319728297202,0.04713375796178344,0.6607142857142857
-0.2781620894341198,0.047193877551020405,0.6607142857142857
-0.2761341945625351,0.04725415070242656,0.6607142857142857
-0.2745668536579542,0.04731457800511509,0.6607142857142857
-0.2739216245111919,0.04737516005121639,0.6607142857142857
-0.2737754597799281,0.047435897435897434,0.6607142857142857
-0.2710198154781468,0.04749679075738126,0.6607142857142857
-0.2699717521591003,0.04755784061696658,0.6607142857142857
-0.2688084753870354,0.047619047619047616,0.6607142857142857
-0.2682884641090025,0.04768041237113402,0.6607142857142857
-0.267268957058153,0.04774193548387097,0.6607142857142857
-0.2671529627586221,0.04780361757105943,0.6607142857142857
-0.2669863882510144,0.047865459249676584,0.6607142857142857
-0.2655847856911847,0.04792746113989637,0.6607142857142857
-0.264617497841136,0.04798962386511025,0.6607142857142857
-0.2641830280645789,0.048051948051948054,0.6607142857142857
-0.26359296224885,0.04811443433029909,0.6607142857142857
-0.2632253526043034,0.048177083333333336,0.6607142857142857
-0.2619178196639787,0.048239895697522815,0.6607142857142857
-0.2598969302259382,0.048302872062663184,0.6607142857142857
-0.2596759647887476,0.048366013071895426,0.6607142857142857
-0.2588748177282733,0.04842931937172775,0.6607142857142857
-0.2578886233314801,0.04849279161205767,0.6607142857142857
-0.2573443473226312,0.048556430446194225,0.6607142857142857
-0.2569011900797407,0.04862023653088042,0.6607142857142857
-0.2562954095267167,0.04868421052631579,0.6607142857142857
-0.2556519284389703,0.048748353096179184,0.6607142857142857
-0.2538521716772117,0.048812664907651716,0.6607142857142857
-0.2501749762358779,0.0488771466314399,0.6607142857142857
-0.2498026742062324,0.04894179894179894,0.6607142857142857
-0.2495278521382532,0.04900662251655629,0.6607142857142857
-0.2480649896769304,0.04907161803713528,0.6607142857142857
-0.2478607316783697,0.049136786188579015,0.6607142857142857
-0.2468492222773002,0.04920212765957447,0.6607142857142857
-0.245206392840027,0.0492676431424767,0.6607142857142857
-0.2421624388769131,0.04933333333333333,0.6607142857142857
-0.2417004380174383,0.049399198931909215,0.6607142857142857
-0.2405909494136892,0.04946524064171123,0.6607142857142857
-0.2403801628142632,0.049531459170013385,0.6607142857142857
-0.2395381833110748,0.049597855227882036,0.6607142857142857
-0.2385759861878504,0.049664429530201344,0.6607142857142857
-0.2380318942260295,0.04973118279569892,0.6607142857142857
-0.2375888709114136,0.04979811574697174,0.6607142857142857
-0.2361700664937321,0.04986522911051213,0.6607142857142857
-0.2361430467401015,0.04993252361673414,0.6607142857142857
-0.2359595205712906,0.05,0.6607142857142857
-0.2326271535680145,0.05006765899864682,0.6607142857142857
-0.2285929950062687,0.05013550135501355,0.6607142857142857
-0.22816606589929,0.050203527815468114,0.6607142857142857
-0.2257586123124803,0.050271739130434784,0.6607142857142857
-0.2240488587643863,0.050340136054421766,0.6607142857142857
-0.2231621869930699,0.05040871934604905,0.6607142857142857
-0.2229485202067137,0.0504774897680764,0.6607142857142857
-0.2209149863475306,0.050546448087431695,0.6607142857142857
-0.2205347675031942,0.0506155950752394,0.6607142857142857
-0.2199173929746896,0.050684931506849315,0.6607142857142857
-0.2185845091419518,0.05075445816186557,0.6607142857142857
-0.2165334449326412,0.050824175824175824,0.6607142857142857
-0.2156944923799051,0.05089408528198074,0.6607142857142857
-0.2153114592905389,0.05096418732782369,0.6607142857142857
-0.2141986219144513,0.05103448275862069,0.6607142857142857
-0.2138347398381073,0.05110497237569061,0.6607142857142857
-0.2122212696401967,0.051175656984785614,0.6607142857142857
-0.211270597124458,0.05124653739612189,0.6607142857142857
-0.2099100845298391,0.05131761442441054,0.6607142857142857
-0.206024688500798,0.05138888888888889,0.6607142857142857
-0.2055376191086846,0.05146036161335188,0.6607142857142857
-0.2052516026163661,0.05153203342618384,0.6607142857142857
-0.2020123721212497,0.05160390516039052,0.6607142857142857
-0.2016115314827113,0.051675977653631286,0.6607142857142857
-0.1991788298616119,0.05174825174825175,0.6607142857142857
-0.1967746890171369,0.05182072829131653,0.6607142857142857
-0.1933692561048302,0.051893408134642355,0.6607142857142857
-0.1921929591225774,0.05196629213483146,0.6607142857142857
-0.190946759965268,0.052039381153305204,0.6607142857142857
-0.1908135742639545,0.05211267605633803,0.6607142857142857
-0.1883007333789681,0.05218617771509168,0.6607142857142857
-0.1868702185518109,0.052259887005649715,0.6607142857142857
-0.1850127205268802,0.05233380480905234,0.6607142857142857
-0.1803905881889011,0.05240793201133145,0.6607142857142857
-0.1796620052379733,0.0524822695035461,0.6607142857142857
-0.1792095674352791,0.052556818181818184,0.6607142857142857
-0.1763640145232801,0.05263157894736842,0.6607142857142857
-0.1757865773081015,0.05270655270655271,0.6607142857142857
-0.1737589148606476,0.052781740370898715,0.6607142857142857
-0.1737588122206094,0.05142857142857143,0.6428571428571429
-0.1689925067680442,0.05150214592274678,0.6428571428571429
-0.1684049497923345,0.05157593123209169,0.6428571428571429
-0.1676734499625233,0.05164992826398852,0.6428571428571429
-0.1672919389254115,0.05172413793103448,0.6428571428571429
-0.1665412114778745,0.051798561151079135,0.6428571428571429
-0.1646239451031306,0.05043227665706052,0.625
-0.1645842623213412,0.050505050505050504,0.625
-0.163931172051143,0.05057803468208093,0.625
-0.1632529431672797,0.05065123010130246,0.625
-0.1607814855009112,0.050724637681159424,0.625
-0.160052274640201,0.05079825834542816,0.625
-0.1600505818948055,0.050872093023255814,0.625
-0.1599717438366723,0.050946142649199416,0.625
-0.1598108883059555,0.05102040816326531,0.625
-0.1593515063833007,0.051094890510948905,0.625
-0.1590100046371313,0.05116959064327485,0.625
-0.1588331650555036,0.05124450951683748,0.625
-0.1565468399474663,0.051319648093841645,0.625
-0.1563471896090481,0.0513950073421439,0.625
-0.1559375839146683,0.051470588235294115,0.625
-0.1545627994654367,0.05154639175257732,0.625
-0.1532197910213372,0.051622418879056046,0.625
-0.1481672053024586,0.051698670605613,0.625
-0.147350179669942,0.051775147928994084,0.625
-0.1456603519196958,0.05185185185185185,0.625
-0.1455164115705191,0.05192878338278932,0.625
-0.1453269168147579,0.05200594353640416,0.625
-0.1443707700261886,0.052083333333333336,0.625
-0.1436209251740789,0.05216095380029806,0.625
-0.1415907044478234,0.05223880597014925,0.625
-0.1411480956924854,0.052316890881913304,0.625
-0.1405923554447756,0.05239520958083832,0.625
-0.1394073200989986,0.05247376311844078,0.625
-0.1350446511451699,0.052552552552552555,0.625
-0.1307812086459553,0.05263157894736842,0.625
-0.1283513092947805,0.05271084337349398,0.625
-0.1268772371007481,0.05279034690799397,0.625
-0.1266411770934913,0.052870090634441085,0.625
-0.1249579536239126,0.0529500756429652,0.625
-0.1238354985517766,0.05303030303030303,0.625
-0.1214367162653919,0.05311077389984825,0.625
-0.1200099212674435,0.05167173252279635,0.6071428571428571
-0.1158315116555429,0.0517503805175038,0.6071428571428571
-0.1117050417702779,0.051829268292682924,0.6071428571428571
-0.1096094518190718,0.051908396946564885,0.6071428571428571
-0.108188037233898,0.05198776758409786,0.6071428571428571
-0.1047239086382973,0.05206738131699847,0.6071428571428571
-0.102964815073254,0.05214723926380368,0.6071428571428571
-0.1012740798798527,0.05222734254992319,0.6071428571428571
-0.0996231130221248,0.052307692307692305,0.6071428571428571
-0.0991590536851836,0.05238828967642527,0.6071428571428571
-0.0986188411924962,0.05246913580246913,0.6071428571428571
-0.0978385655724702,0.05255023183925812,0.6071428571428571
-0.0964078389283715,0.05263157894736842,0.6071428571428571
-0.0951301285483257,0.05271317829457364,0.6071428571428571
-0.0943763857283208,0.052795031055900624,0.6071428571428571
-0.0937839091279495,0.05287713841368585,0.6071428571428571
-0.0925073887375384,0.0529595015576324,0.6071428571428571
-0.0920269164370787,0.0530421216848674,0.6071428571428571
-0.0913299498998913,0.053125,0.6071428571428571
-0.0871226992034799,0.053208137715179966,0.6071428571428571
-0.0868327872374925,0.05329153605015674,0.6071428571428571
-0.0864405244626894,0.05337519623233909,0.6071428571428571
-0.0861620218184975,0.05345911949685535,0.6071428571428571
-0.0844646716672657,0.05354330708661417,0.6071428571428571
-0.0842914316339702,0.05362776025236593,0.6071428571428571
-0.0819014588958028,0.053712480252764615,0.6071428571428571
-0.0815054154605937,0.05379746835443038,0.6071428571428571
-0.079895158274337,0.05388272583201268,0.6071428571428571
-0.0791894592286206,0.05396825396825397,0.6071428571428571
-0.0766659662242977,0.05405405405405406,0.6071428571428571
-0.0766474706088764,0.054140127388535034,0.6071428571428571
-0.0747773990602587,0.05422647527910686,0.6071428571428571
-0.0736821160895825,0.054313099041533544,0.6071428571428571
-0.0731233443112604,0.0544,0.6071428571428571
-0.0715389010520519,0.05448717948717949,0.6071428571428571
-0.0714285836093243,0.05457463884430177,0.6071428571428571
-0.0706856639940603,0.05466237942122187,0.6071428571428571
-0.0688957001832544,0.05475040257648953,0.6071428571428571
-0.0674828077742263,0.054838709677419356,0.6071428571428571
-0.0669679657547138,0.05492730210016155,0.6071428571428571
-0.0643768400757411,0.05501618122977346,0.6071428571428571
-0.0632477110222877,0.055105348460291734,0.6071428571428571
-0.0615316155715058,0.05519480519480519,0.6071428571428571
-0.0590937299702809,0.055284552845528454,0.6071428571428571
-0.0588187592166171,0.05537459283387622,0.6071428571428571
-0.0571165742975896,0.05546492659053834,0.6071428571428571
-0.0568368742400187,0.05555555555555555,0.6071428571428571
-0.0564430767978049,0.05564648117839607,0.6071428571428571
-0.0561971336908699,0.05573770491803279,0.6071428571428571
-0.0552570399307853,0.05582922824302135,0.6071428571428571
-0.0529751846892689,0.05592105263157895,0.6071428571428571
-0.0494209984399163,0.05601317957166392,0.6071428571428571
-0.0461733557791615,0.056105610561056105,0.6071428571428571
-0.0449911252214068,0.05619834710743802,0.6071428571428571
-0.0436970031645263,0.056291390728476824,0.6071428571428571
-0.0422093191902105,0.05638474295190713,0.6071428571428571
-0.0420783786518753,0.05647840531561462,0.6071428571428571
-0.0420474051654102,0.056572379367720464,0.6071428571428571
-0.0412363624778951,0.056666666666666664,0.6071428571428571
-0.0399326017382862,0.05676126878130217,0.6071428571428571
-0.0398906921651772,0.056856187290969896,0.6071428571428571
-0.0392511582526291,0.05695142378559464,0.6071428571428571
-0.0386172374295588,0.05704697986577181,0.6071428571428571
-0.0370098951729096,0.05714285714285714,0.6071428571428571
-0.0343332439198937,0.05723905723905724,0.6071428571428571
-0.0335096891524898,0.05733558178752108,0.6071428571428571
-0.0327301422622659,0.057432432432432436,0.6071428571428571
-0.0309319740982365,0.05752961082910321,0.6071428571428571
-0.0294894245061311,0.0576271186440678,0.6071428571428571
-0.0279790179649099,0.057724957555178265,0.6071428571428571
-0.0268910416871427,0.05782312925170068,0.6071428571428571
-0.0259761097372651,0.05792163543441227,0.6071428571428571
-0.0254032446990151,0.05802047781569966,0.6071428571428571
-0.025197329645172,0.05811965811965812,0.6071428571428571
-0.0251758565450959,0.05821917808219178,0.6071428571428571
-0.0244358209498856,0.058319039451114926,0.6071428571428571
-0.0232266469730219,0.058419243986254296,0.6071428571428571
-0.0224307796732224,0.058519793459552494,0.6071428571428571
-0.0218683720970755,0.05862068965517241,0.6071428571428571
-0.0203057545000388,0.05699481865284974,0.5892857142857143
-0.0198424350366512,0.05709342560553633,0.5892857142857143
-0.016104630078085,0.05719237435008666,0.5892857142857143
-0.0152209412463543,0.057291666666666664,0.5892857142857143
-0.014521393801805,0.057391304347826085,0.5892857142857143
-0.0088629223388622,0.05749128919860627,0.5892857142857143
-0.0085848592500311,0.05759162303664921,0.5892857142857143
-0.0082490517077883,0.057692307692307696,0.5892857142857143
-0.0070222677088963,0.05779334500875657,0.5892857142857143
-0.005073566595335,0.05789473684210526,0.5892857142857143
-0.001297963774129,0.05799648506151142,0.5892857142857143
0.0015902472684537,0.058098591549295774,0.5892857142857143
0.0031367632900289,0.0582010582010582,0.5892857142857143
0.0048563297480547,0.05830388692579505,0.5892857142857143
0.0085943639667029,0.0584070796460177,0.5892857142857143
0.0089090479678465,0.05851063829787234,0.5892857142857143
0.0109087075580551,0.0586145648312611,0.5892857142857143
0.0124457601748622,0.05871886120996441,0.5892857142857143
0.0142587834076366,0.0570409982174688,0.5714285714285714
0.0157023200838477,0.05714285714285714,0.5714285714285714
0.0160186523732292,0.057245080500894455,0.5714285714285714
0.0180955508832606,0.05734767025089606,0.5714285714285714
0.0191593456550902,0.05745062836624776,0.5714285714285714
0.0198755749548434,0.05755395683453238,0.5714285714285714
0.0216720101527396,0.05765765765765766,0.5714285714285714
0.0227829886659838,0.05776173285198556,0.5714285714285714
0.0237759330501819,0.05786618444846293,0.5714285714285714
0.0244603418036565,0.057971014492753624,0.5714285714285714
0.0270847256163821,0.05807622504537205,0.5714285714285714
0.0276010454270972,0.05818181818181818,0.5714285714285714
0.0277518055929418,0.058287795992714025,0.5714285714285714
0.0279488973644479,0.058394160583941604,0.5714285714285714
0.0292260512484238,0.05850091407678245,0.5714285714285714
0.0321444498498806,0.05860805860805861,0.5714285714285714
0.0333019349700628,0.05871559633027523,0.5714285714285714
0.0358163289249797,0.058823529411764705,0.5714285714285714
0.0360780880633899,0.058931860036832415,0.5714285714285714
0.0372033043456842,0.05904059040590406,0.5714285714285714
0.0408501976580243,0.059149722735674676,0.5714285714285714
0.0453529146750112,0.05925925925925926,0.5714285714285714
0.0479001535717115,0.059369202226345084,0.5714285714285714
0.0483203970530336,0.05947955390334572,0.5714285714285714
0.0486591532984538,0.05772811918063315,0.5535714285714286
0.0487391688979596,0.05783582089552239,0.5535714285714286
0.0492006931711613,0.056074766355140186,0.5357142857142857
0.0496829869182707,0.056179775280898875,0.5357142857142857
0.0498739287285681,0.05628517823639775,0.5357142857142857
0.0525635812900131,0.05639097744360902,0.5357142857142857
0.0550646374599876,0.05649717514124294,0.5357142857142857
0.0554937575373796,0.05660377358490566,0.5357142857142857
0.0558548512843576,0.05671077504725898,0.5357142857142857
0.0575919769906618,0.056818181818181816,0.5357142857142857
0.0582238222855311,0.056925996204933584,0.5357142857142857
0.0615911257633648,0.057034220532319393,0.5357142857142857
0.0641903694930157,0.05714285714285714,0.5357142857142857
0.0680072594013441,0.05725190839694656,0.5357142857142857
0.0712456989204309,0.05736137667304015,0.5357142857142857
0.0714467997925425,0.05747126436781609,0.5357142857142857
0.0729877842195827,0.05758157389635317,0.5357142857142857
0.073781514515647,0.057692307692307696,0.5357142857142857
0.0740964063828596,0.057803468208092484,0.5357142857142857
0.0744172415817757,0.05791505791505792,0.5357142857142857
0.074660279046349,0.058027079303675046,0.5357142857142857
0.0776398819045907,0.05813953488372093,0.5357142857142857
0.0776820684898111,0.05825242718446602,0.5357142857142857
0.0777964545237751,0.058365758754863814,0.5357142857142857
0.0778713216104857,0.05847953216374269,0.5357142857142857
0.0785722639989789,0.05859375,0.5357142857142857
0.0838214884974672,0.05870841487279843,0.5357142857142857
0.084692297869623,0.058823529411764705,0.5357142857142857
0.0870354742918271,0.05893909626719057,0.5357142857142857
0.0898818365723764,0.05905511811023622,0.5357142857142857
0.0916531141132914,0.05917159763313609,0.5357142857142857
0.0942448392644,0.05928853754940711,0.5357142857142857
0.09507981843397,0.0594059405940594,0.5357142857142857
0.0971481251583077,0.05952380952380952,0.5357142857142857
0.0981510213334741,0.05964214711729622,0.5357142857142857
0.0986298172360486,0.05976095617529881,0.5357142857142857
0.098871635059564,0.059880239520958084,0.5357142857142857
0.0998528914438281,0.06,0.5357142857142857
0.1003263397750475,0.06012024048096192,0.5357142857142857
0.1012426370232467,0.060240963855421686,0.5357142857142857
0.1060682932780723,0.060362173038229376,0.5357142857142857
0.1076161742941597,0.06048387096774194,0.5357142857142857
0.108612342642227,0.06060606060606061,0.5357142857142857
0.1123881609815892,0.06072874493927125,0.5357142857142857
0.1143666156820746,0.060851926977687626,0.5357142857142857
0.1148216434477427,0.05894308943089431,0.5178571428571429
0.1163095942930804,0.059063136456211814,0.5178571428571429
0.120549621039684,0.05918367346938776,0.5178571428571429
0.1217140811828856,0.05930470347648262,0.5178571428571429
0.122248103394563,0.05942622950819672,0.5178571428571429
0.1259779835996649,0.059548254620123205,0.5178571428571429
0.1271550876446808,0.059670781893004114,0.5178571428571429
0.127256449675043,0.05979381443298969,0.5178571428571429
0.1290192034152399,0.05991735537190083,0.5178571428571429
0.1301242888484841,0.060041407867494824,0.5178571428571429
0.130329423885275,0.06016597510373444,0.5178571428571429
0.1323129354141694,0.060291060291060294,0.5178571428571429
0.1360929114225507,0.06041666666666667,0.5178571428571429
0.1416011374013532,0.060542797494780795,0.5178571428571429
0.1428793682366438,0.060669456066945605,0.5178571428571429
0.1447754852311285,0.06079664570230608,0.5178571428571429
0.1458932107694137,0.06092436974789916,0.5178571428571429
0.1490214929310341,0.061052631578947365,0.5178571428571429
0.1495386989829928,0.06118143459915612,0.5178571428571429
0.1512939929082759,0.0613107822410148,0.5178571428571429
0.1550341058663983,0.0614406779661017,0.5178571428571429
0.1552884064762278,0.06157112526539278,0.5178571428571429
0.1554973600504678,0.06170212765957447,0.5178571428571429
0.1556100818567949,0.06183368869936034,0.5178571428571429
0.1573058918113268,0.06196581196581197,0.5178571428571429
0.1615472674372434,0.06209850107066381,0.5178571428571429
0.1628066379249731,0.06223175965665236,0.5178571428571429
0.1659973345363225,0.06236559139784946,0.5178571428571429
0.1686862807741066,0.0625,0.5178571428571429
0.1736056447756635,0.06263498920086392,0.5178571428571429
0.1767665415060165,0.06277056277056277,0.5178571428571429
0.1769579210653872,0.06290672451193059,0.5178571428571429
0.1871990715369252,0.06304347826086956,0.5178571428571429
0.1890073510080462,0.06318082788671024,0.5178571428571429
0.1898060155633708,0.06331877729257641,0.5178571428571429
0.1920508393796816,0.061269146608315096,0.5
0.19323322335714,0.06140350877192982,0.5
0.1935006872707475,0.06153846153846154,0.5
0.1984853862879363,0.06167400881057269,0.5
0.200305853225301,0.06181015452538632,0.5
0.2025537386349208,0.061946902654867256,0.5
0.2060906729078638,0.06208425720620843,0.5
0.2062194870921445,0.06222222222222222,0.5
0.2091340065007436,0.062360801781737196,0.5
0.2093167892993981,0.0625,0.5
0.2121185298848355,0.06263982102908278,0.5
0.2124001320569268,0.06278026905829596,0.5
0.2140209726171286,0.06292134831460675,0.5
0.2140868868728868,0.06306306306306306,0.5
0.2156862842934628,0.06320541760722348,0.5
0.2200649855220675,0.06334841628959276,0.5
0.226588737635707,0.06349206349206349,0.5
0.2293219179525701,0.06363636363636363,0.5
0.2312445642124855,0.06378132118451026,0.5
0.2332974176071339,0.0639269406392694,0.5
0.2347856174635194,0.06407322654462243,0.5
0.2362659369730626,0.06422018348623854,0.5
0.2363623009434659,0.06436781609195402,0.5
0.2369459387254124,0.06451612903225806,0.5
0.2376526475569285,0.06466512702078522,0.5
0.2396262902090343,0.06481481481481481,0.5
0.2397379723214816,0.06496519721577726,0.5
0.2490433404973682,0.06511627906976744,0.5
0.2513071041134349,0.06526806526806526,0.5
0.2543378951495472,0.06542056074766354,0.5
0.2546006278024651,0.06557377049180328,0.5
0.2557922111216348,0.06572769953051644,0.5
0.2562449024533309,0.06588235294117648,0.5
0.2566577237178024,0.0660377358490566,0.5
0.2572597527802652,0.06619385342789598,0.5
0.2580202301535295,0.06635071090047394,0.5
0.259385396859617,0.0665083135391924,0.5
0.2596180459883479,0.06666666666666667,0.5
0.2620142982658835,0.06682577565632458,0.5
0.2635200544700143,0.06698564593301436,0.5
0.2660425198455768,0.0671462829736211,0.5
0.2696442092469464,0.0673076923076923,0.5
0.270499280956558,0.06746987951807229,0.5
0.2716635467710534,0.06763285024154589,0.5
0.2741993070035219,0.06779661016949153,0.5
0.2747627433466761,0.06796116504854369,0.5
0.2753860188696572,0.0681265206812652,0.5
0.2776058154207756,0.06829268292682927,0.5
0.277743306854987,0.06845965770171149,0.5
0.2849400478926108,0.06862745098039216,0.5
0.2868909671724106,0.0687960687960688,0.5
0.2895105689891915,0.06896551724137931,0.5
0.2896511744429176,0.0691358024691358,0.5
0.2935936964724016,0.06930693069306931,0.5
0.294309592458096,0.06947890818858561,0.5
0.2966739531470641,0.06965174129353234,0.5
0.3000640099615216,0.06982543640897755,0.5
0.3012296588838998,0.0675,0.48214285714285715
0.3042915272763368,0.06766917293233082,0.48214285714285715
0.3065210156221868,0.0678391959798995,0.48214285714285715
0.3070316203939399,0.06801007556675064,0.48214285714285715
0.3087001862667055,0.06818181818181818,0.48214285714285715
0.3102698423851758,0.06835443037974684,0.48214285714285715
0.3130243876651737,0.06852791878172589,0.48214285714285715
0.318024268719887,0.06870229007633588,0.48214285714285715
0.3218408975868867,0.0663265306122449,0.4642857142857143
0.3231627476409447,0.06649616368286446,0.4642857142857143
0.3334179905822829,0.06666666666666667,0.4642857142857143
0.3372455456743889,0.06683804627249357,0.4642857142857143
0.3394315066388974,0.06701030927835051,0.4642857142857143
0.3422072393397805,0.06718346253229975,0.4642857142857143
0.3428195951821579,0.06735751295336788,0.4642857142857143
0.3433997854387842,0.06753246753246753,0.4642857142857143
0.3477610795245626,0.06770833333333333,0.4642857142857143
0.3479593138875281,0.06788511749347259,0.4642857142857143
0.3483768790699275,0.06806282722513089,0.4642857142857143
0.3486655099591271,0.06824146981627296,0.4642857142857143
0.3508657900004128,0.06842105263157895,0.4642857142857143
0.3520102113248121,0.06860158311345646,0.4642857142857143
0.3556815325833299,0.06878306878306878,0.4642857142857143
0.3557617442663557,0.06896551724137931,0.4642857142857143
0.3566050193464727,0.06914893617021277,0.4642857142857143
0.3606116535343767,0.06933333333333333,0.4642857142857143
0.3633407113805224,0.06951871657754011,0.4642857142857143
0.3665862495709042,0.06970509383378017,0.4642857142857143
0.3674855620272562,0.06989247311827956,0.4642857142857143
0.369294764930443,0.07008086253369272,0.4642857142857143
0.3704660891874331,0.07027027027027027,0.4642857142857143
0.3745710302708602,0.07046070460704607,0.4642857142857143
0.3761780598952574,0.07065217391304347,0.4642857142857143
0.3796209601042642,0.07084468664850137,0.4642857142857143
0.3857410534687177,0.07103825136612021,0.4642857142857143
0.3881802354667437,0.07123287671232877,0.4642857142857143
0.3978691753629325,0.07142857142857142,0.4642857142857143
0.3983368496288485,0.07162534435261708,0.4642857142857143
0.4012619167997622,0.0718232044198895,0.4642857142857143
0.4013777663933271,0.07202216066481995,0.4642857142857143
0.4024887836876457,0.07222222222222222,0.4642857142857143
0.4075863681563398,0.06963788300835655,0.44642857142857145
0.410285655805174,0.06983240223463687,0.44642857142857145
0.4128769978364243,0.0700280112044818,0.44642857142857145
0.4130455635569816,0.0702247191011236,0.44642857142857145
0.4132737439079589,0.07042253521126761,0.44642857142857145
0.4176814617175631,0.07062146892655367,0.44642857142857145
0.4182274371301909,0.0679886685552408,0.42857142857142855
0.4194572315181892,0.06818181818181818,0.42857142857142855
0.4207425316118571,0.06837606837606838,0.42857142857142855
0.4274656630131809,0.06857142857142857,0.42857142857142855
0.4275637677756821,0.06876790830945559,0.42857142857142855
0.4286395365893447,0.06896551724137931,0.42857142857142855
0.4314123038692938,0.069164265129683,0.42857142857142855
0.4328377621802467,0.06936416184971098,0.42857142857142855
0.4332902814110286,0.06956521739130435,0.42857142857142855
0.4394304072469628,0.06976744186046512,0.42857142857142855
0.4402703260898576,0.06997084548104957,0.42857142857142855
0.4407012483734843,0.07017543859649122,0.42857142857142855
0.4437041428921148,0.07038123167155426,0.42857142857142855
0.4514963180871262,0.07058823529411765,0.42857142857142855
0.4517536018645937,0.07079646017699115,0.42857142857142855
0.4550898120101892,0.07100591715976332,0.42857142857142855
0.4560808924362797,0.0712166172106825,0.42857142857142855
0.4604376952775951,0.07142857142857142,0.42857142857142855
0.4641454062379304,0.07164179104477612,0.42857142857142855
0.4644801130504621,0.0718562874251497,0.42857142857142855
0.4676636097221568,0.07207207207207207,0.42857142857142855
0.4701865381691155,0.07228915662650602,0.42857142857142855
0.4812931291789373,0.07250755287009064,0.42857142857142855
0.48293663590468,0.07272727272727272,0.42857142857142855
0.4832065332167758,0.0729483282674772,0.42857142857142855
0.4912291803355135,0.07317073170731707,0.42857142857142855
0.4932109003873909,0.07339449541284404,0.42857142857142855
0.4943524246426287,0.0736196319018405,0.42857142857142855
0.4948947650746124,0.07384615384615385,0.42857142857142855
0.4951375124649363,0.07407407407407407,0.42857142857142855
0.5044575384146741,0.07430340557275542,0.42857142857142855
0.5048503588035509,0.07453416149068323,0.42857142857142855
0.5144948321452029,0.07476635514018691,0.42857142857142855
0.5209830001800604,0.075,0.42857142857142855
0.5245088705460014,0.07523510971786834,0.42857142857142855
0.5279920367985586,0.07547169811320754,0.42857142857142855
0.5282446946527813,0.07570977917981073,0.42857142857142855
0.5290626131026119,0.0759493670886076,0.42857142857142855
0.5293490024471837,0.0761904761904762,0.42857142857142855
0.5355382462624869,0.07643312101910828,0.42857142857142855
0.5359256216242966,0.07667731629392971,0.42857142857142855
0.5364722009629276,0.07692307692307693,0.42857142857142855
0.5377229139379509,0.07717041800643087,0.42857142857142855
0.5455353318813141,0.07741935483870968,0.42857142857142855
0.5478214321393566,0.07766990291262135,0.42857142857142855
0.5479035932094783,0.07792207792207792,0.42857142857142855
0.550828387701554,0.0781758957654723,0.42857142857142855
0.5531069252596366,0.0784313725490196,0.42857142857142855
0.5561775653404458,0.07868852459016394,0.42857142857142855
0.5609314268894856,0.07894736842105263,0.42857142857142855
0.5622087606078756,0.07920792079207921,0.42857142857142855
0.563013113733609,0.07947019867549669,0.42857142857142855
0.5728541197837496,0.07973421926910298,0.42857142857142855
0.5738543089884572,0.08,0.42857142857142855
0.5782557472772858,0.0802675585284281,0.42857142857142855
0.5801372721377036,0.08053691275167785,0.42857142857142855
0.5871605241443683,0.08080808080808081,0.42857142857142855
0.5872145294612343,0.08108108108108109,0.42857142857142855
0.6024909677876292,0.08135593220338982,0.42857142857142855
0.6039513349572826,0.08163265306122448,0.42857142857142855
0.6058898732540395,0.08191126279863481,0.42857142857142855
0.612233666590773,0.0821917808219178,0.42857142857142855
0.6132176647321926,0.08247422680412371,0.42857142857142855
0.6194805407009687,0.08275862068965517,0.42857142857142855
0.6198344481488303,0.08304498269896193,0.42857142857142855
0.6204035199046807,0.08333333333333333,0.42857142857142855
0.6256915952770724,0.08362369337979095,0.42857142857142855
0.6279654457285705,0.08041958041958042,0.4107142857142857
0.6300715614998614,0.07719298245614035,0.39285714285714285
0.6320853029081621,0.07746478873239436,0.39285714285714285
0.6357820593091604,0.07773851590106007,0.39285714285714285
0.6373241108978307,0.07801418439716312,0.39285714285714285
0.6373844165103284,0.07829181494661921,0.39285714285714285
0.6375679838406884,0.07857142857142857,0.39285714285714285
0.6421553287784698,0.07885304659498207,0.39285714285714285
0.6471629154721711,0.07913669064748201,0.39285714285714285
0.6472274437640343,0.07942238267148015,0.39285714285714285
0.6493400167472875,0.07971014492753623,0.39285714285714285
0.6500564766279617,0.08,0.39285714285714285
0.6523815268625427,0.08029197080291971,0.39285714285714285
0.6558908202712345,0.08058608058608059,0.39285714285714285
0.6666949027352059,0.08088235294117647,0.39285714285714285
0.6674769528571567,0.08118081180811808,0.39285714285714285
0.6683498315342329,0.08148148148148149,0.39285714285714285
0.6688662147444114,0.08178438661710037,0.39285714285714285
0.6734782935275931,0.08208955223880597,0.39285714285714285
0.6762162944345682,0.08239700374531835,0.39285714285714285
0.6769567531026076,0.08270676691729323,0.39285714285714285
0.6769876593338604,0.0830188679245283,0.39285714285714285
0.6796364985337077,0.07954545454545454,0.375
0.6829810310941943,0.07604562737642585,0.35714285714285715
0.6856880642847691,0.07633587786259542,0.35714285714285715
0.6880647118787703,0.07662835249042145,0.35714285714285715
0.6947291388011437,0.07692307692307693,0.35714285714285715
0.7009835163355117,0.07722007722007722,0.35714285714285715
0.7026838792115228,0.07364341085271318,0.3392857142857143
0.7028733823851554,0.07392996108949416,0.3392857142857143
0.7068892720623863,0.07421875,0.3392857142857143
0.7089458984383548,0.07450980392156863,0.3392857142857143
0.7117860865331012,0.07480314960629922,0.3392857142857143
0.7200645570669267,0.07509881422924901,0.3392857142857143
0.7215116207139817,0.07539682539682539,0.3392857142857143
0.722788959512424,0.07569721115537849,0.3392857142857143
0.7227931135757143,0.076,0.3392857142857143
0.7240336665870747,0.07630522088353414,0.3392857142857143
0.7268374648206793,0.07661290322580645,0.3392857142857143
0.7321968196260183,0.07692307692307693,0.3392857142857143
0.733379882517994,0.07723577235772358,0.3392857142857143
0.7344694422540402,0.07755102040816327,0.3392857142857143
0.7385403434226422,0.0778688524590164,0.3392857142857143
0.7399286034579363,0.07818930041152264,0.3392857142857143
0.7401419743366829,0.07851239669421488,0.3392857142857143
0.7476033531876225,0.07883817427385892,0.3392857142857143
0.7508453953935703,0.07916666666666666,0.3392857142857143
0.7533844510459541,0.0794979079497908,0.3392857142857143
0.7534980189005276,0.07983193277310924,0.3392857142857143
0.7540345884080556,0.08016877637130802,0.3392857142857143
0.7620276106203322,0.08050847457627118,0.3392857142857143
0.76928146643372,0.08085106382978724,0.3392857142857143
0.7742909971030183,0.0811965811965812,0.3392857142857143
0.7746942830788857,0.0815450643776824,0.3392857142857143
0.7752904141374798,0.08189655172413793,0.3392857142857143
0.7767511663342309,0.08225108225108226,0.3392857142857143
0.7814645232512935,0.08260869565217391,0.3392857142857143
0.7828143193511149,0.07860262008733625,0.32142857142857145
0.7861985587870188,0.07894736842105263,0.32142857142857145
0.7928455804430811,0.07929515418502203,0.32142857142857145
0.793324092311588,0.07964601769911504,0.32142857142857145
0.7962679039638817,0.08,0.32142857142857145
0.8004730655575126,0.08035714285714286,0.32142857142857145
0.8182546636219535,0.08071748878923767,0.32142857142857145
0.8200322768322136,0.08108108108108109,0.32142857142857145
0.827636490211019,0.08144796380090498,0.32142857142857145
0.8362141791286904,0.08181818181818182,0.32142857142857145
0.8384372652828392,0.0821917808219178,0.32142857142857145
0.8394353977299425,0.08256880733944955,0.32142857142857145
0.8478055738927215,0.08294930875576037,0.32142857142857145
0.8507570529625268,0.08333333333333333,0.32142857142857145
0.851750473228022,0.08372093023255814,0.32142857142857145
0.8521850743104687,0.08411214953271028,0.32142857142857145
0.856709318996068,0.08450704225352113,0.32142857142857145
0.8623627360173222,0.08490566037735849,0.32142857142857145
0.8699218499787296,0.08530805687203792,0.32142857142857145
0.8732053490496412,0.08571428571428572,0.32142857142857145
0.8765796192340178,0.0861244019138756,0.32142857142857145
0.8847532165069135,0.08653846153846154,0.32142857142857145
0.896016891846091,0.08695652173913043,0.32142857142857145
0.896411303232979,0.08737864077669903,0.32142857142857145
0.9026457865570872,0.08780487804878048,0.32142857142857145
0.9085356387195448,0.08823529411764706,0.32142857142857145
0.9113539903737132,0.08866995073891626,0.32142857142857145
0.9137637534348168,0.0891089108910891,0.32142857142857145
0.9147980532083004,0.08955223880597014,0.32142857142857145
0.9173527626342256,0.09,0.32142857142857145
0.9221449388968834,0.09045226130653267,0.32142857142857145
0.9300866426993892,0.09090909090909091,0.32142857142857145
0.9391004721223196,0.09137055837563451,0.32142857142857145
0.9457306597774652,0.09183673469387756,0.32142857142857145
0.9467407346526604,0.09230769230769231,0.32142857142857145
0.9481608454841918,0.09278350515463918,0.32142857142857145
0.9492521620036528,0.09326424870466321,0.32142857142857145
0.9524951983444692,0.08854166666666667,0.30357142857142855
0.955223486177554,0.08900523560209424,0.30357142857142855
0.9791853405751793,0.08947368421052632,0.30357142857142855
0.979619720755336,0.08994708994708994,0.30357142857142855
0.9937524169773028,0.09042553191489362,0.30357142857142855
0.994244819730048,0.09090909090909091,0.30357142857142855
0.9955521632052284,0.0913978494623656,0.30357142857142855
0.9996302862861248,0.0918918918918919,0.30357142857142855
1.0029103808344262,0.09239130434782608,0.30357142857142855
1.0179465327572694,0.09289617486338798,0.30357142857142855
1.0203456717661743,0.09340659340659341,0.30357142857142855
1.0224118043374482,0.09392265193370165,0.30357142857142855
1.046247488885791,0.09444444444444444,0.30357142857142855
1.0491316920959806,0.09497206703910614,0.30357142857142855
1.0558546322988835,0.09550561797752809,0.30357142857142855
1.058308234358989,0.096045197740113,0.30357142857142855
1.0635257631393766,0.09659090909090909,0.30357142857142855
1.0647774216244876,0.09714285714285714,0.30357142857142855
1.0696160249824167,0.09770114942528736,0.30357142857142855
1.0805091635533528,0.09826589595375723,0.30357142857142855
1.0820721054688736,0.09883720930232558,0.30357142857142855
1.0847410263687955,0.09941520467836257,0.30357142857142855
1.087915061554022,0.1,0.30357142857142855
1.098733400880833,0.10059171597633136,0.30357142857142855
1.1038656874464805,0.10119047619047619,0.30357142857142855
1.1062209723277765,0.10179640718562874,0.30357142857142855
1.111461778278189,0.10240963855421686,0.30357142857142855
1.122952862387972,0.10303030303030303,0.30357142857142855
1.1230739480200589,0.10365853658536585,0.30357142857142855
1.1263426584634222,0.10429447852760736,0.30357142857142855
1.1281625185693416,0.10493827160493827,0.30357142857142855
1.1520987748954314,0.10559006211180125,0.30357142857142855
1.159853049929503,0.10625,0.30357142857142855
1.169132727227378,0.1069182389937107,0.30357142857142855
1.1804107743820276,0.10759493670886076,0.30357142857142855
1.191681638612455,0.10828025477707007,0.30357142857142855
1.1922282890623603,0.10897435897435898,0.30357142857142855
1.2026561403888572,0.10967741935483871,0.30357142857142855
1.2218864602721993,0.11038961038961038,0.30357142857142855
1.2326510697682078,0.1111111111111111,0.30357142857142855
1.2393597829500214,0.1118421052631579,0.30357142857142855
1.2432735380327369,0.11258278145695365,0.30357142857142855
1.2433362929088831,0.11333333333333333,0.30357142857142855
1.2459479712938992,0.11409395973154363,0.30357142857142855
1.262739505018763,0.11486486486486487,0.30357142857142855
1.2660895379823875,0.11564625850340136,0.30357142857142855
1.2680734878042694,0.11643835616438356,0.30357142857142855
1.2745012092853285,0.11724137931034483,0.30357142857142855
1.277542395248063,0.11805555555555555,0.30357142857142855
1.2830940215561235,0.11888111888111888,0.30357142857142855
1.2964999675678308,0.11971830985915492,0.30357142857142855
1.2975100794633547,0.12056737588652482,0.30357142857142855
1.29839597880945,0.12142857142857143,0.30357142857142855
1.3564525838566166,0.1223021582733813,0.30357142857142855
1.3618979807753433,0.12318840579710146,0.30357142857142855
1.372362878912445,0.12408759124087591,0.30357142857142855
1.379555965731291,0.125,0.30357142857142855
1.3820032236909925,0.1259259259259259,0.30357142857142855
1.3836412409967842,0.11940298507462686,0.2857142857142857
1.3839048315838625,0.12030075187969924,0.2857142857142857
1.3889040635089418,0.12121212121212122,0.2857142857142857
1.4034447357087323,0.12213740458015267,0.2857142857142857
1.4156745063039722,0.12307692307692308,0.2857142857142857
1.41774548526981,0.12403100775193798,0.2857142857142857
1.4269283634927448,0.125,0.2857142857142857
1.438721450127972,0.12598425196850394,0.2857142857142857
1.4431908428083509,0.12698412698412698,0.2857142857142857
1.4671467114864063,0.128,0.2857142857142857
1.4678346965642477,0.12903225806451613,0.2857142857142857
1.4778593382333227,0.13008130081300814,0.2857142857142857
1.4825498532145884,0.12295081967213115,0.26785714285714285
1.490255201083008,0.12396694214876033,0.26785714285714285
1.5056020863527368,0.125,0.26785714285714285
1.5075345613771285,0.12605042016806722,0.26785714285714285
1.5203128667648074,0.1271186440677966,0.26785714285714285
1.521150236599171,0.1282051282051282,0.26785714285714285
1.5290341964961598,0.12931034482758622,0.26785714285714285
1.5297826550903169,0.13043478260869565,0.26785714285714285
1.529811515928619,0.13157894736842105,0.26785714285714285
1.5639607711336287,0.13274336283185842,0.26785714285714285
1.567027035861977,0.13392857142857142,0.26785714285714285
1.5739863700020855,0.13513513513513514,0.26785714285714285
1.5770078724884942,0.13636363636363635,0.26785714285714285
1.6037168692245771,0.13761467889908258,0.26785714285714285
1.621483894435707,0.1388888888888889,0.26785714285714285
1.624831887236556,0.14018691588785046,0.26785714285714285
1.630873119743371,0.14150943396226415,0.26785714285714285
1.6376435328493448,0.14285714285714285,0.26785714285714285
1.643655871547972,0.14423076923076922,0.26785714285714285
1.665700611227014,0.14563106796116504,0.26785714285714285
1.6673659293758445,0.13725490196078433,0.25
1.673625381779,0.13861386138613863,0.25
1.6845427354277804,0.13,0.23214285714285715
1.6902129880862082,0.13131313131313133,0.23214285714285715
1.6931581034089147,0.1326530612244898,0.23214285714285715
1.6995170710789087,0.13402061855670103,0.23214285714285715
1.7268679056994811,0.13541666666666666,0.23214285714285715
1.763849366694366,0.1368421052631579,0.23214285714285715
1.7655787659141042,0.13829787234042554,0.23214285714285715
1.801834924315329,0.13978494623655913,0.23214285714285715
1.8095418258501448,0.14130434782608695,0.23214285714285715
1.8174739132028768,0.14285714285714285,0.23214285714285715
1.8237433715479048,0.14444444444444443,0.23214285714285715
1.827881678485722,0.14606741573033707,0.23214285714285715
1.8324609172820323,0.14772727272727273,0.23214285714285715
1.871089163023252,0.14942528735632185,0.23214285714285715
1.891087380324998,0.1511627906976744,0.23214285714285715
1.9247637614311093,0.15294117647058825,0.23214285714285715
1.9639270322311184,0.15476190476190477,0.23214285714285715
1.972125574017057,0.1566265060240964,0.23214285714285715
1.980188194176552,0.15853658536585366,0.23214285714285715
1.9896955331300168,0.16049382716049382,0.23214285714285715
2.0087409343628138,0.1625,0.23214285714285715
2.0132527382376604,0.16455696202531644,0.23214285714285715
2.017218770705361,0.16666666666666666,0.23214285714285715
2.0192425103068845,0.16883116883116883,0.23214285714285715
2.0273702756659864,0.17105263157894737,0.23214285714285715
2.027510323355263,0.17333333333333334,0.23214285714285715
2.035843202955692,0.17567567567567569,0.23214285714285715
2.047772705625891,0.1643835616438356,0.21428571428571427
2.0578180945421223,0.16666666666666666,0.21428571428571427
2.06447662149403,0.16901408450704225,0.21428571428571427
2.067717770614097,0.17142857142857143,0.21428571428571427
2.1258520045439475,0.17391304347826086,0.21428571428571427
2.168477662409425,0.17647058823529413,0.21428571428571427
2.2273848905266096,0.1791044776119403,0.21428571428571427
2.2358440138701936,0.18181818181818182,0.21428571428571427
2.2481210820898863,0.18461538461538463,0.21428571428571427
2.25378745416094,0.1875,0.21428571428571427
2.264216249365357,0.19047619047619047,0.21428571428571427
2.2788895278579493,0.1935483870967742,0.21428571428571427
2.2826413737790165,0.19672131147540983,0.21428571428571427
2.28512224535189,0.18333333333333332,0.19642857142857142
2.2909045149436134,0.1864406779661017,0.19642857142857142
2.332719176109701,0.1896551724137931,0.19642857142857142
2.3431598396575963,0.17543859649122806,0.17857142857142858
2.3767323410552303,0.17857142857142858,0.17857142857142858
2.4148537016926115,0.18181818181818182,0.17857142857142858
2.431481114268343,0.18518518518518517,0.17857142857142858
2.441429553432199,0.18867924528301888,0.17857142857142858
2.450239158542647,0.19230769230769232,0.17857142857142858
2.460209574014592,0.17647058823529413,0.16071428571428573
2.5702545363114977,0.16,0.14285714285714285
2.604971378060706,0.16326530612244897,0.14285714285714285
2.6211304408733005,0.16666666666666666,0.14285714285714285
2.622643524432491,0.1702127659574468,0.14285714285714285
2.634273310907969,0.17391304347826086,0.14285714285714285
2.656035159851451,0.17777777777777778,0.14285714285714285
2.664322736387157,0.18181818181818182,0.14285714285714285
2.691098734131862,0.18604651162790697,0.14285714285714285
2.704016996952288,0.19047619047619047,0.14285714285714285
2.705330997452233,0.17073170731707318,0.125
2.726303961380124,0.175,0.125
2.728976830624996,0.1794871794871795,0.125
2.7534989953018343,0.18421052631578946,0.125
2.773703907420709,0.16216216216216217,0.10714285714285714
2.7742185712441088,0.16666666666666666,0.10714285714285714
2.7781103980416044,0.14285714285714285,0.08928571428571429
2.7894812901566577,0.14705882352941177,0.08928571428571429
2.816992470029728,0.15151515151515152,0.08928571428571429
2.8295560262080843,0.15625,0.08928571428571429
2.882608093701113,0.16129032258064516,0.08928571428571429
2.923516934541556,0.16666666666666666,0.08928571428571429
2.932628332148909,0.1724137931034483,0.08928571428571429
3.042474253440503,0.14285714285714285,0.07142857142857142
3.046294539027439,0.14814814814814814,0.07142857142857142
3.058274401190124,0.15384615384615385,0.07142857142857142
3.098240588498359,0.16,0.07142857142857142
3.1122024523157705,0.125,0.05357142857142857
3.12491166286506,0.13043478260869565,0.05357142857142857
3.279139306352349,0.13636363636363635,0.05357142857142857
3.2842657579224257,0.14285714285714285,0.05357142857142857
3.3025588655567044,0.15,0.05357142857142857
3.303953056527549,0.15789473684210525,0.05357142857142857
3.3229613088376766,0.16666666666666666,0.05357142857142857
3.4543422344629384,0.17647058823529413,0.05357142857142857
3.513821854393408,0.1875,0.05357142857142857
3.637456730977848,0.13333333333333333,0.03571428571428571
3.649798035218384,0.14285714285714285,0.03571428571428571
3.710347617521701,0.15384615384615385,0.03571428571428571
3.716890688593061,0.16666666666666666,0.03571428571428571
3.7194565120620138,0.18181818181818182,0.03571428571428571
3.8218898940805137,0.2,0.03571428571428571
3.858182932616484,0.2222222222222222,0.03571428571428571
3.868814646316302,0.125,0.017857142857142856
3.885928813739382,0.14285714285714285,0.017857142857142856
3.889435436648357,0.0,0.0
4.096095151164057,0.0,0.0
4.127606081319095,0.0,0.0
4.207396825426112,0.0,0.0
4.560533303421152,0.0,0.0
4.6754351761161255,0.0,0.0
,1.0,0.0
