date,close,weirdness,iof_flag,shesd_flag,cp_flag,near_cp,tier,reason
2018-02-01,39.3307991027832,-0.2844691778608773,False,True,False,False,C,C isolated_spike_far_cp
2018-02-02,37.62422561645508,2.7742185712441088,True,True,False,False,B,B iof_and_(spike_or_near_cp)
2018-02-05,36.68421936035156,0.5872145294612343,False,True,False,False,C,C isolated_spike_far_cp
2018-02-06,38.21730422973633,2.3767323410552303,True,True,False,False,B,B iof_and_(spike_or_near_cp)
2018-02-07,37.399192810058594,0.0740964063828596,False,True,False,False,C,C isolated_spike_far_cp
2018-02-08,36.37008285522461,0.4832065332167758,False,True,False,False,C,C isolated_spike_far_cp
2018-02-09,36.8149528503418,0.0744172415817757,False,True,False,False,C,C isolated_spike_far_cp
2018-02-12,38.297813415527344,1.6376435328493448,True,True,False,False,B,B iof_and_(spike_or_near_cp)
2018-02-13,38.68145751953125,-0.3612714344161801,False,True,False,False,C,C isolated_spike_far_cp
2018-02-14,39.394649505615234,-0.2889619371339302,False,True,False,False,C,C isolated_spike_far_cp
2018-02-15,40.71745300292969,0.6375679838406884,True,False,False,False,C,C weak_iof_only
2018-02-16,40.58565139770508,-0.6496501853498282,False,False,False,False,,
2018-02-20,40.44913482666016,-0.6558533889745822,False,False,False,False,,
2018-02-21,40.26553726196289,-0.6899104760212792,False,False,False,False,,
2018-02-22,40.60212326049805,-0.5914608196207383,False,False,False,False,,
2018-02-23,41.30824279785156,-0.4361015056816456,False,False,False,False,,
2018-02-26,42.12500762939453,-0.3710671135383592,False,False,False,False,,
2018-02-27,41.98847961425781,-0.725728042210038,False,False,False,False,,
2018-02-28,41.92493438720703,-0.7518647122005298,False,False,False,False,,
2018-03-01,41.1905517578125,-0.2588748177282733,False,False,False,False,,
2018-03-02,41.47535705566406,-0.7117994503231447,False,False,False,False,,
2018-03-05,41.61893844604492,-0.7366342133784942,False,False,False,False,,
2018-03-06,41.58363723754883,-0.7914144151365774,False,False,False,False,,
2018-03-07,41.19761276245117,-0.383691128241719,False,False,False,False,,
2018-03-08,41.64719009399414,-0.8140779859217327,False,False,False,False,,
2018-03-09,42.36273193359375,-0.4650298221834528,False,False,False,False,,
2018-03-12,42.77228164672852,-0.26359296224885,False,False,False,False,,
2018-03-13,42.3603744506836,0.0279488973644479,False,False,False,False,,
2018-03-14,42.000247955322266,-0.4186600589875529,False,False,False,False,,
2018-03-15,42.04967880249024,-0.8846355092054774,False,False,False,False,,
2018-03-16,41.901397705078125,-0.7873635928061455,False,False,False,False,,
2018-03-19,41.26118087768555,0.1148216434477427,False,False,False,False,,
2018-03-20,41.24705505371094,-0.7472450004533248,False,False,False,False,,
2018-03-21,40.31261444091797,0.6204035199046807,True,False,False,False,C,C weak_iof_only
2018-03-22,39.74300384521485,-0.2099100845298391,False,False,False,False,,
2018-03-23,38.82270050048828,0.4517536018645937,False,False,False,False,,
2018-03-26,40.66567993164063,2.656035159851451,True,False,False,False,C,C weak_iof_only
2018-03-27,39.62296295166016,0.1512939929082759,False,False,False,False,,
2018-03-28,39.18516540527344,-0.3707754985845744,False,False,False,False,,
2018-03-29,39.491153717041016,-0.4474185482161193,False,False,False,False,,
2018-04-02,39.23223876953125,-0.6004599991133099,False,False,False,False,,
2018-04-03,39.63473510742188,-0.4704592119415466,False,False,False,False,,
2018-04-04,40.39263534545898,-0.1868702185518109,False,False,False,False,,
2018-04-05,40.6727409362793,-0.7135327335225127,False,False,False,False,,
2018-04-06,39.63238143920898,0.0085943639667029,False,False,False,False,,
2018-04-09,40.02545928955078,-0.5241996812904192,False,False,False,False,,
2018-04-10,40.77865219116211,-0.2138347398381073,False,False,False,False,,
2018-04-11,40.58800506591797,-0.658464114067318,False,False,False,False,,
2018-04-12,40.98812484741211,-0.565407594075859,False,False,False,False,,
2018-04-13,41.12701034545898,-0.7649458228386481,False,False,False,False,,
2018-04-16,41.383575439453125,-0.7545392704484241,False,False,False,False,,
2018-04-17,41.95318222045898,-0.6168449178273201,False,False,False,False,,
2018-04-18,41.85902404785156,-0.9335213787723629,False,False,False,False,,
2018-04-19,40.6727409362793,0.1458932107694137,False,False,False,False,,
2018-04-20,39.00628280639648,1.0635257631393766,True,False,False,False,C,C weak_iof_only
2018-04-23,38.89330291748047,-0.7821905930120185,False,False,False,False,,
2018-04-24,38.35195541381836,-0.5129216867046343,False,False,False,False,,
2018-04-25,38.51904678344727,-0.5455911579302769,False,False,False,False,,
2018-04-26,38.653228759765625,-0.745229746037412,False,False,False,False,,
2018-04-27,38.206016540527344,-0.5715691887198521,False,False,False,False,,
2018-04-30,38.89800643920898,-0.3063702920193003,False,False,False,False,,
2018-05-01,39.80186080932617,-0.1214367162653919,False,False,False,False,,
2018-05-02,41.560096740722656,1.4778593382333227,True,False,False,False,C,C weak_iof_only
2018-05-03,41.63543319702149,-0.9129020785420964,False,False,False,False,,
2018-05-04,43.268924713134766,0.856709318996068,True,False,False,False,C,C weak_iof_only
2018-05-07,43.58196258544922,-0.7891591022314864,False,False,False,False,,
2018-05-08,43.79145812988281,-0.8176949242637467,False,False,False,False,,
2018-05-09,44.09978103637695,-0.8556029102092713,False,False,False,False,,
2018-05-10,44.73059844970703,-0.6123589947765546,False,False,False,False,,
2018-05-11,44.56047058105469,-0.8143527482201951,False,False,False,False,,
2018-05-14,44.45651245117188,-0.8817043236990751,False,False,False,False,,
2018-05-15,44.05245971679688,-0.7096042841319885,False,False,False,False,,
2018-05-16,44.46358871459961,-0.7993910714174054,False,False,False,False,,
2018-05-17,44.18242263793945,-0.8131458436174356,False,False,False,False,,
2018-05-18,44.02174758911133,-0.8714185551479176,False,False,False,False,,
2018-05-21,44.33365249633789,-0.6930913692344435,False,False,False,False,,
2018-05-22,44.22259521484375,-0.5700558707136693,False,False,False,False,,
2018-05-23,44.506126403808594,-0.507276729780125,False,False,False,False,,
2018-05-24,44.45651245117188,-0.4582058652373234,False,False,False,False,,
2018-05-25,44.55810546875,-0.5344906067436721,False,False,False,False,,
2018-05-29,44.39743041992188,-0.1565468399474663,False,False,False,False,,
2018-05-30,44.30293273925781,-0.529318388686896,False,False,False,False,,
2018-05-31,44.15406036376953,-0.6934338602141769,False,False,False,False,,
2018-06-01,44.95034790039063,-0.0996231130221248,False,False,False,False,,
2018-06-04,45.32602691650391,-0.7605278918366016,False,False,False,False,,
2018-06-05,45.67572021484375,0.108612342642227,False,False,False,False,,
2018-06-06,45.83403015136719,-0.0571165742975896,False,False,False,False,,
2018-06-07,45.7111701965332,0.0237759330501819,False,False,False,False,,
2018-06-08,45.29530334472656,0.4407012483734843,False,False,False,False,,
2018-06-11,45.18426513671875,0.0360780880633899,False,False,False,False,,
2018-06-12,45.4323616027832,0.2369459387254124,False,False,False,False,,
2018-06-13,45.05901718139648,0.4130455635569816,False,False,False,False,,
2018-06-14,45.08265686035156,0.0358163289249797,False,False,False,False,,
2018-06-15,44.61954498291016,0.6947291388011437,True,False,False,False,C,C weak_iof_only
2018-06-18,44.59591674804688,0.0498739287285681,False,False,False,False,,
2018-06-19,43.875247955322266,1.4034447357087323,True,False,False,False,C,C weak_iof_only
2018-06-20,44.06664276123047,0.0838214884974672,False,False,False,False,,
2018-06-21,43.8209114074707,0.0142587834076366,False,False,False,False,,
2018-06-22,43.69332885742188,-0.0327301422622659,False,False,False,False,,
2018-06-25,43.04353713989258,0.8507570529625268,True,False,False,False,C,C weak_iof_only
2018-06-26,43.57753372192383,0.6198344481488303,True,False,False,False,C,C weak_iof_only
2018-06-27,43.51375198364258,-0.2596759647887476,False,False,False,False,,
2018-06-28,43.830360412597656,0.0015902472684537,False,False,False,False,,
2018-06-29,43.73820495605469,-0.3419850893314221,False,False,False,False,,
2018-07-02,44.2273063659668,0.6058898732540395,True,False,False,False,C,C weak_iof_only
2018-07-03,43.45703125,0.9457306597774652,True,False,False,False,C,C weak_iof_only
2018-07-05,43.806732177734375,0.3556815325833299,False,False,False,False,,
2018-07-06,44.41397476196289,0.7068892720623863,True,False,False,False,C,C weak_iof_only
2018-07-09,45.030670166015625,0.3042915272763368,False,False,False,False,,
2018-07-10,44.97632598876953,-0.5543160220699986,False,False,False,False,,
2018-07-11,44.3927116394043,0.0333019349700628,False,False,False,False,,
2018-07-12,45.137001037597656,0.3218408975868867,False,False,False,False,,
2018-07-13,45.20787811279297,-0.6712824112485924,False,False,False,False,,
2018-07-16,45.108646392822266,-0.6773685736502849,False,False,False,False,,
2018-07-17,45.236236572265625,-0.6757362968037353,False,False,False,False,,
2018-07-18,44.98814392089844,-0.5914801142742008,False,False,False,False,,
2018-07-19,45.337833404541016,-0.5868742563910745,False,False,False,False,,
2018-07-20,45.2338752746582,-0.6884164074841084,False,False,False,False,,
2018-07-23,45.274044036865234,-0.7286964865883668,False,False,False,False,,
2018-07-24,45.602481842041016,-0.5967868501276471,False,False,False,False,,
2018-07-25,46.03251647949219,-0.324833289370547,False,False,False,False,,
2018-07-26,45.88837432861328,-0.3838823467142931,False,False,False,False,,
2018-07-27,45.12518310546875,0.6880647118787703,True,False,False,False,C,C weak_iof_only
2018-07-30,44.87237548828125,-0.5467198067194957,False,False,False,False,,
2018-07-31,44.96214294433594,-0.7343795387458647,False,False,False,False,,
2018-08-01,47.610877990722656,3.513821854393408,True,False,False,False,A,A2 very_strong_iof
2018-08-02,49.00257873535156,0.2557922111216348,False,False,False,False,,
2018-08-03,49.14435195922852,-0.7846044892266358,False,False,False,False,,
2018-08-06,49.399532318115234,-0.8509532532597196,False,False,False,False,,
2018-08-07,48.93640899658203,-0.5994680193691275,False,False,False,False,,
2018-08-08,48.96950912475586,-0.905334487786008,False,False,False,False,,
2018-08-09,49.35463333129883,-0.85524166826127,False,False,False,False,,
2018-08-10,49.20762634277344,-0.875521739474104,False,False,False,False,,
2018-08-13,49.52536010742188,-0.9198297991279194,False,False,False,False,,
2018-08-14,49.734031677246094,-0.9109983552468836,False,False,False,False,,
2018-08-15,49.850196838378906,-0.9193867799351846,False,False,False,False,,
2018-08-16,50.580509185791016,-0.618832516982433,False,False,False,False,,
2018-08-17,51.590599060058594,-0.3180739842328554,False,False,False,False,,
2018-08-20,51.08792495727539,-0.2632253526043034,False,False,False,False,,
2018-08-21,50.98832702636719,-0.6780591525149717,False,False,False,False,,
2018-08-22,50.99070739746094,-0.7508087363675194,False,False,False,False,,
2018-08-23,51.09503173828125,-0.868653404253295,False,False,False,False,,
2018-08-24,51.253902435302734,-0.8247652011800348,False,False,False,False,,
2018-08-27,51.67595291137695,-0.6498840261364383,False,False,False,False,,
2018-08-28,52.0932731628418,-0.502511645864525,False,False,False,False,,
2018-08-29,52.87100601196289,-0.1415907044478234,False,False,False,False,,
2018-08-30,53.35706329345703,-0.3630035996552348,False,False,False,False,,
2018-08-31,53.97356796264648,0.2062194870921445,False,False,False,False,,
2018-09-04,54.14665603637695,-0.0986188411924962,False,False,False,False,,
2018-09-05,53.79335403442383,0.3508657900004128,False,False,False,False,,
2018-09-06,52.89944076538086,1.7655787659141042,True,False,False,False,C,C weak_iof_only
2018-09-07,52.4726448059082,0.0160186523732292,False,False,False,False,,
2018-09-10,51.768436431884766,0.2868909671724106,False,False,False,False,,
2018-09-11,53.07728958129883,0.8384372652828392,True,False,False,False,C,C weak_iof_only
2018-09-12,52.418113708496094,-0.1803905881889011,False,False,False,False,,
2018-09-13,53.68428039550781,0.2156862842934628,False,False,False,False,,
2018-09-14,53.07490921020508,-0.4218677716615873,False,False,False,False,,
2018-09-17,51.66172790527344,0.6472274437640343,True,False,False,False,C,C weak_iof_only
2018-09-18,51.7470817565918,-0.8448961691209773,False,False,False,False,,
2018-09-19,51.77791976928711,-0.8967003572715742,False,False,False,False,,
2018-09-20,52.17151641845703,-0.8029677734466867,False,False,False,False,,
2018-09-21,51.60956573486328,-0.6126922703094122,False,False,False,False,,
2018-09-24,52.35171508789063,-0.5777407345238259,False,False,False,False,,
2018-09-25,52.68368148803711,-0.8803007813051585,False,False,False,False,,
2018-09-26,52.26398086547852,-0.7642630302749331,False,False,False,False,,
2018-09-27,53.33810424804688,-0.1672919389254115,False,False,False,False,,
2018-09-28,53.52542495727539,-0.8944221133750907,False,False,False,False,,
2018-10-01,53.88582992553711,-0.8075050493939357,False,False,False,False,,
2018-10-02,54.36479568481445,-0.7363424033937477,False,False,False,False,,
2018-10-03,55.02634048461914,-0.6386761654286156,False,False,False,False,,
2018-10-04,54.058929443359375,-0.3097560598965905,False,False,False,False,,
2018-10-05,53.18161010742188,-0.3618278135038473,False,False,False,False,,
2018-10-08,53.05831146240234,-0.9048553139513862,False,False,False,False,,
2018-10-09,53.79335403442383,-0.6439504662414451,False,False,False,False,,
2018-10-10,51.30132293701172,2.2481210820898863,True,False,False,False,C,C weak_iof_only
2018-10-11,50.84843826293945,-0.67462501965312,False,False,False,False,,
2018-10-12,52.66471099853516,1.1263426584634222,True,False,False,False,C,C weak_iof_only
2018-10-15,51.53843688964844,-0.1737588122206094,False,False,False,False,,
2018-10-16,52.67419052124024,-0.2984615556072389,False,False,False,False,,
2018-10-17,52.446563720703125,-0.8937951522913907,False,False,False,False,,
2018-10-18,51.22069549560547,-0.1607814855009112,False,False,False,False,,
2018-10-19,52.00080490112305,-0.5371912060644161,False,False,False,False,,
2018-10-22,52.31851959228516,-0.8461011552453016,False,False,False,False,,
2018-10-23,52.81171417236328,-0.7641840391137187,False,False,False,False,,
2018-10-24,51.00018310546875,0.5290626131026119,False,False,False,False,,
2018-10-25,52.116981506347656,-0.3157852804357346,False,False,False,False,,
2018-10-26,51.28709411621094,-0.3875088204427266,False,False,False,False,,
2018-10-29,50.32441711425781,-0.1850127205268802,False,False,False,False,,
2018-10-30,50.57575225830078,-0.4917908473742678,False,False,False,False,,
2018-10-31,51.89409637451172,0.2363623009434659,False,False,False,False,,
2018-11-01,52.69079208374024,-0.3740631478712685,False,False,False,False,,
2018-11-02,49.195777893066406,2.704016996952288,True,False,False,False,C,C weak_iof_only
2018-11-05,47.7991943359375,0.5048503588035509,False,False,False,False,,
2018-11-06,48.31608581542969,0.0408501976580243,False,False,False,False,,
2018-11-07,49.78144073486328,0.7962679039638817,True,False,False,False,C,C weak_iof_only
2018-11-08,49.60773849487305,-0.4787099467731698,False,False,False,False,,
2018-11-09,48.6512336730957,-0.0436970031645263,False,False,False,False,,
2018-11-12,46.200462341308594,1.6995170710789087,True,False,False,False,C,C weak_iof_only
2018-11-13,45.73886489868164,0.0981510213334741,False,False,False,False,,
2018-11-14,44.44687271118164,0.8478055738927215,True,False,False,False,C,C weak_iof_only
2018-11-15,45.543758392333984,1.0224118043374482,True,False,False,False,C,C weak_iof_only
2018-11-16,46.04817962646485,0.0942448392644,False,False,False,False,,
2018-11-19,44.22320175170898,1.2830940215561235,True,False,False,False,C,C weak_iof_only
2018-11-20,42.11030960083008,2.06447662149403,True,False,False,False,C,C weak_iof_only
2018-11-21,42.06271362304688,1.379555965731291,True,False,False,False,C,C weak_iof_only
2018-11-23,40.99438095092773,1.4431908428083509,True,False,False,False,C,C weak_iof_only
2018-11-26,41.548770904541016,1.5739863700020855,True,False,False,False,C,C weak_iof_only
2018-11-27,41.45835494995117,1.122952862387972,True,False,False,False,C,C weak_iof_only
2018-11-28,43.052547454833984,1.980188194176552,True,False,False,False,C,C weak_iof_only
2018-11-29,42.7218132019043,0.6421553287784698,True,False,False,False,C,C weak_iof_only
2018-11-30,42.49102020263672,0.994244819730048,True,False,False,False,C,C weak_iof_only
2018-12-03,43.97574996948242,2.0087409343628138,True,False,False,False,C,C weak_iof_only
2018-12-04,42.04132080078125,1.5203128667648074,True,False,False,False,C,C weak_iof_only
2018-12-06,41.572566986083984,0.3070316203939399,False,False,False,False,,
2018-12-07,40.09021759033203,1.3889040635089418,True,False,False,False,C,C weak_iof_only
2018-12-10,40.35433197021485,1.2026561403888572,True,False,False,False,C,C weak_iof_only
2018-12-11,40.12354278564453,1.0820721054688736,True,False,False,False,C,C weak_iof_only
2018-12-12,40.23535537719727,0.9113539903737132,True,False,False,False,C,C weak_iof_only
2018-12-13,40.675537109375,0.2347856174635194,False,False,False,False,,
2018-12-14,39.37401580810547,0.8521850743104687,True,False,False,False,C,C weak_iof_only
2018-12-17,39.00759506225586,0.0778713216104857,False,False,False,False,,
2018-12-18,39.51439666748047,0.4932109003873909,False,False,False,False,,
2018-12-19,38.28188705444336,1.111461778278189,True,False,False,False,C,C weak_iof_only
2018-12-20,37.31584930419922,0.7268374648206793,True,False,False,False,C,C weak_iof_only
2018-12-21,35.86443328857422,1.1804107743820276,True,False,False,False,C,C weak_iof_only
2018-12-24,34.93648147583008,0.9300866426993892,True,False,False,False,C,C weak_iof_only
2018-12-26,37.39675521850586,3.2842657579224257,True,False,False,False,A,A2 very_strong_iof
2018-12-27,37.15406036376953,0.1360929114225507,False,False,False,False,,
2018-12-28,37.17308807373047,0.0998528914438281,False,False,False,False,,
2018-12-31,37.53238677978516,0.3633407113805224,False,False,False,False,,
2019-01-02,37.5752067565918,0.1416011374013532,False,False,False,False,,
2019-01-03,33.83244323730469,3.637456730977848,True,False,False,False,A,A2 very_strong_iof
2019-01-04,35.2767219543457,2.816992470029728,True,False,False,False,A,A2 very_strong_iof
2019-01-07,35.19820785522461,1.0558546322988835,True,False,False,False,C,C weak_iof_only
2019-01-08,35.86919021606445,1.191681638612455,True,False,False,False,C,C weak_iof_only
2019-01-09,36.47830581665039,0.6769567531026076,True,False,False,False,C,C weak_iof_only
2019-01-10,36.59490203857422,0.4641454062379304,False,False,False,False,,
2019-01-11,36.23561477661133,0.5479035932094783,False,False,False,False,,
2019-01-14,35.69073867797852,0.76928146643372,True,False,False,False,C,C weak_iof_only
2019-01-15,36.42121124267578,0.896411303232979,True,False,False,False,C,C weak_iof_only
2019-01-16,36.86614608764648,0.3857410534687177,False,False,False,False,,
2019-01-17,37.08505630493164,0.2776058154207756,False,False,False,False,,
2019-01-18,37.313472747802734,0.277743306854987,False,False,False,False,,
2019-01-22,36.47592926025391,0.6132176647321926,True,False,False,False,C,C weak_iof_only
2019-01-23,36.62345123291016,0.1003263397750475,False,False,False,False,,
2019-01-24,36.33317184448242,0.0479001535717115,False,False,False,False,,
2019-01-25,37.53714370727539,0.8699218499787296,True,False,False,False,C,C weak_iof_only
2019-01-28,37.18974685668945,-0.2209149863475306,False,False,False,False,,
2019-01-29,36.804290771484375,-0.1665412114778745,False,False,False,False,,
2019-01-30,39.31929397583008,2.460209574014592,True,False,False,False,C,C weak_iof_only
2019-01-31,39.60244369506836,0.0641903694930157,False,False,False,False,,
2019-02-01,39.6214714050293,0.0453529146750112,False,False,False,False,,
2019-02-04,40.74691390991211,0.6734782935275931,True,False,False,False,C,C weak_iof_only
2019-02-05,41.44407653808594,-0.0494209984399163,False,False,False,False,,
2019-02-06,41.45835494995117,-0.0766659662242977,False,False,False,False,,
2019-02-07,40.67316818237305,0.2935936964724016,False,False,False,False,,
2019-02-08,40.7209587097168,-0.6995134822447368,False,False,False,False,,
2019-02-11,40.48676681518555,-0.6083685737661877,False,False,False,False,,
2019-02-12,40.83564758300781,-0.6061816684917104,False,True,False,False,C,C isolated_spike_far_cp
2019-02-13,40.66599655151367,-0.4341366612403611,False,True,False,False,C,C isolated_spike_far_cp
2019-02-14,40.81415557861328,-0.6776006376826136,False,True,False,False,C,C isolated_spike_far_cp
2019-02-15,40.72333908081055,-0.7703015026192077,False,True,False,False,C,C isolated_spike_far_cp
2019-02-19,40.8452262878418,-0.7893537614538022,False,True,False,False,C,C isolated_spike_far_cp
2019-02-20,41.10807037353516,-0.7710928881603221,False,True,False,False,C,C isolated_spike_far_cp
2019-02-21,40.87628173828125,-0.5403689423573291,False,True,False,False,C,C isolated_spike_far_cp
2019-02-22,41.33269882202149,-0.5616069280030868,False,True,False,False,C,C isolated_spike_far_cp
2019-02-25,41.6337776184082,-0.5384236630740022,False,True,False,False,C,C isolated_spike_far_cp
2019-02-26,41.65766143798828,-0.8367237723604556,False,False,False,False,,
2019-02-27,41.78672409057617,-0.742623207254036,False,False,False,False,,
2019-02-28,41.37569427490234,-0.3326591490596688,False,False,False,False,,
2019-03-01,41.81060791015625,-0.5219534626311962,False,False,False,False,,
2019-03-04,42.0208854675293,-0.7486658099127899,False,False,False,False,,
2019-03-05,41.94442367553711,-0.7063683116628781,False,False,False,False,,
2019-03-06,41.70308303833008,-0.1200099212674435,False,False,False,False,,
2019-03-07,41.22038269042969,0.5782557472772858,False,False,False,False,,
2019-03-08,41.3183479309082,-0.0861620218184975,False,False,False,False,,
2019-03-11,42.74971389770508,3.0582744011901237,True,False,False,False,A,A2 very_strong_iof
2019-03-12,43.23002243041992,-0.503041110208971,False,False,False,False,,
2019-03-13,43.42119216918945,-0.7448172143315039,False,False,False,False,,
2019-03-14,43.90388107299805,-0.4799762991135616,False,False,False,False,,
2019-03-15,44.4749870300293,-0.4401743002330861,False,False,False,False,,
2019-03-18,44.92901992797852,-0.56809247774197,False,False,False,False,,
2019-03-19,44.57296371459961,-0.1481672053024586,False,False,False,False,,
2019-03-20,44.96247100830078,-0.6353113678110089,False,False,False,False,,
2019-03-21,46.61845397949219,1.8095418258501448,True,False,False,False,C,C weak_iof_only
2019-03-22,45.6530647277832,0.896016891846091,True,False,False,False,C,C weak_iof_only
2019-03-25,45.10107803344727,-0.3479795276068978,False,False,False,False,,
2019-03-26,44.63509750366211,-0.5569803201925521,False,False,False,False,,
2019-03-27,45.03655624389648,-0.8325274254023161,False,False,False,False,,
2019-03-28,45.09629440307617,-0.9776279128293204,False,False,False,False,,
2019-03-29,45.39020919799805,-0.9223420394673912,False,False,False,False,,
2019-04-01,45.6984748840332,-0.9304416927971876,False,False,False,False,,
2019-04-02,46.36277389526367,-0.6486726666796826,False,False,False,False,,
2019-04-03,46.68059158325195,-0.865592032402472,False,False,False,False,,
2019-04-04,46.761837005615234,-0.7570297033180762,False,False,False,False,,
2019-04-05,47.07487106323242,-0.645304008203077,False,False,False,False,,
2019-04-08,47.815650939941406,-0.3000591928365917,False,False,False,False,,
2019-04-09,47.67226409912109,-0.5579439919458199,False,False,False,False,,
2019-04-10,47.93990707397461,-0.8159308569656092,False,False,False,False,,
2019-04-11,47.54084014892578,-0.439911781074671,False,False,False,False,,
2019-04-12,47.5217170715332,-0.8594677368669683,False,False,False,False,,
2019-04-15,47.60773849487305,-0.8896965196148947,False,False,False,False,,
2019-04-16,47.612525939941406,-0.8932303821706654,False,False,False,False,,
2019-04-17,48.539676666259766,-0.2257586123124803,False,False,False,False,,
2019-04-18,48.71412658691406,-0.9150048320689288,False,False,False,False,,
2019-04-22,48.87422180175781,-0.7300587326983645,False,False,False,False,,
2019-04-23,49.57915878295898,0.2513071041134349,False,False,False,False,,
2019-04-24,49.502689361572266,0.084692297869623,False,False,False,False,,
2019-04-25,49.05343627929688,1.1038656874464805,True,False,False,False,C,C weak_iof_only
2019-04-26,48.81925964355469,0.2396262902090343,False,False,False,False,,
2019-04-29,48.89334487915039,-0.160052274640201,False,False,False,False,,
2019-04-30,47.95183563232422,1.673625381779,True,False,False,False,C,C weak_iof_only
2019-05-01,50.30558776855469,3.098240588498359,True,False,False,False,A,A2 very_strong_iof
2019-05-02,49.97821044921875,-0.723737962658878,False,False,False,False,,
2019-05-03,50.599517822265625,-0.7213352172051438,False,False,False,False,,
2019-05-06,49.81811141967773,-0.2836442651966042,False,False,False,False,,
2019-05-07,48.47515869140625,0.4314123038692938,False,False,False,False,,
2019-05-08,48.48471450805664,-0.9348091049426562,False,False,False,False,,
2019-05-09,47.96379089355469,-0.7029627031724961,False,False,False,False,,
2019-05-10,47.2993278503418,-0.4764015955840427,False,False,False,False,,
2019-05-13,44.550323486328125,2.664322736387157,True,False,False,False,C,C weak_iof_only
2019-05-14,45.255558013916016,-0.3295752390912344,False,False,False,False,,
2019-05-15,45.79768753051758,-0.500709060878958,False,False,False,False,,
2019-05-16,45.59619140625,-0.6701638191607049,False,False,False,False,,
2019-05-17,45.33712005615234,-0.5165628653075504,False,False,False,False,,
2019-05-20,43.919429779052734,0.4194572315181892,False,False,False,False,,
2019-05-21,44.76140213012695,0.1076161742941597,False,False,False,False,,
2019-05-22,43.84506607055664,0.226588737635707,False,False,False,False,,
2019-05-23,43.096641540527344,0.2716635467710534,False,False,False,False,,
2019-05-24,42.93113327026367,-0.0082490517077883,False,False,False,False,,
2019-05-28,42.75362014770508,-0.0254032446990151,False,False,False,False,,
2019-05-29,42.54973602294922,0.0227829886659838,False,False,False,False,,
2019-05-30,42.770416259765625,-0.0632477110222877,False,False,False,False,,
2019-05-31,41.99559783935547,0.8732053490496412,True,False,False,False,C,C weak_iof_only
2019-06-03,41.571022033691406,0.7215116207139817,True,False,False,False,C,C weak_iof_only
2019-06-04,43.09185409545898,2.431481114268343,True,False,False,False,C,C weak_iof_only
2019-06-05,43.78750228881836,0.4644801130504621,False,False,False,False,,
2019-06-06,44.43038177490234,-0.0198424350366512,False,False,False,False,,
2019-06-07,45.61297225952149,0.4182274371301909,False,False,False,False,,
2019-06-10,46.19588851928711,-0.4545571114026868,False,False,False,False,,
2019-06-11,46.7308235168457,-0.6496706590063568,False,False,False,False,,
2019-06-12,46.58209228515625,-0.9379193485408416,False,False,False,False,,
2019-06-13,46.57249450683594,-0.9661721861736756,False,False,False,False,,
2019-06-14,46.2342643737793,-0.8226766281828602,False,False,False,False,,
2019-06-17,46.51012802124024,-0.9083527494465096,False,False,False,False,,
2019-06-18,47.60396957397461,-0.3136872129550104,False,False,False,False,,
2019-06-19,47.46485137939453,-0.9115490430551976,False,False,False,False,,
2019-06-20,47.84625625610352,-0.8990459638557804,False,False,False,False,,
2019-06-21,47.683143615722656,-0.8437329735957486,False,False,False,False,,
2019-06-24,47.63516616821289,-0.8317664149003197,False,False,False,False,,
2019-06-25,46.91312789916992,-0.0568368742400187,False,False,False,False,,
2019-06-26,47.92781829833984,-0.2870840717342416,False,False,False,False,,
2019-06-27,47.91342544555664,-0.6897407427162318,False,False,False,False,,
2019-06-28,47.47684097290039,-0.3970982018854911,False,False,False,False,,
2019-07-01,48.34760665893555,-0.2055376191086846,False,False,False,False,,
2019-07-02,48.630672454833984,-0.3371099947103531,False,False,False,False,,
2019-07-03,49.03366088867188,-0.5760070777855728,False,False,False,False,,
2019-07-05,48.99047470092773,-0.5767635266774341,False,False,False,False,,
2019-07-08,47.98059844970703,0.7117860865331012,True,False,False,False,C,C weak_iof_only
2019-07-09,48.27323532104492,-0.8338665680709118,False,False,False,False,,
2019-07-10,48.7505989074707,-0.6902033337712274,False,False,False,False,,
2019-07-11,48.39558029174805,-0.6121960827955977,False,False,False,False,,
2019-07-12,48.76738357543945,-0.7513834551852078,False,False,False,False,,
2019-07-15,49.22555923461914,-0.7154434779097816,False,False,False,False,,
2019-07-16,49.05525588989258,-0.7541415873298415,False,False,False,False,,
2019-07-17,48.77938461303711,-0.7023434826694909,False,False,False,False,,
2019-07-18,49.33351135253906,-0.4870856596572059,False,False,False,False,,
2019-07-19,48.59707260131836,-0.0420783786518753,False,False,False,False,,
2019-07-22,49.70771408081055,0.3422072393397805,False,False,False,False,,
2019-07-23,50.0963134765625,-0.7901555209598828,False,False,False,False,,
2019-07-24,50.05552673339844,-0.9037290584053248,False,False,False,False,,
2019-07-25,49.65974426269531,-0.5176181386992411,False,False,False,False,,
2019-07-26,49.83246612548828,-0.8317504195511546,False,False,False,False,,
2019-07-29,50.29781723022461,-0.674290434242163,False,False,False,False,,
2019-07-30,50.08193206787109,-0.6730879393799344,False,False,False,False,,
2019-07-31,51.10380935668945,0.1898060155633708,False,False,False,False,,
2019-08-01,49.99796295166016,0.5279920367985586,False,False,False,False,,
2019-08-02,48.94009780883789,0.2121185298848355,False,False,False,False,,
2019-08-05,46.378196716308594,2.726303961380124,True,False,False,False,C,C weak_iof_only
2019-08-06,47.25615310668945,-0.3581693446258088,False,False,False,False,,
2019-08-07,47.74551010131836,-0.7000782608407463,False,False,False,False,,
2019-08-08,48.7985725402832,-0.2417004380174383,False,False,False,False,,
2019-08-09,48.39643859863281,-0.7759721281168703,False,False,False,False,,
2019-08-12,48.27364730834961,-0.8492863260938985,False,False,False,False,,
2019-08-13,50.31795883178711,1.2459479712938992,True,False,False,False,C,C weak_iof_only
2019-08-14,48.82025909423828,0.2091340065007436,False,False,False,False,,
2019-08-15,48.57704544067383,-0.7770372710360496,False,False,False,False,,
2019-08-16,49.72320938110352,-0.2285929950062687,False,False,False,False,,
2019-08-19,50.6502571105957,-0.48457295419378,False,False,False,False,,
2019-08-20,50.65265655517578,-0.8601644460492729,False,False,False,False,,
2019-08-21,51.20166778564453,-0.7086617983627242,False,False,False,False,,
2019-08-22,51.158321380615234,-0.8430654373673517,False,False,False,False,,
2019-08-23,48.793758392333984,1.372362878912445,True,False,False,False,C,C weak_iof_only
2019-08-26,49.720794677734375,-0.2562954095267167,False,False,False,False,,
2019-08-27,49.15976333618164,-0.3853100106788974,False,False,False,False,,
2019-08-28,49.48963928222656,-0.5502293478222656,False,False,False,False,,
2019-08-29,50.32759475708008,-0.2987069275182948,False,False,False,False,,
2019-08-30,50.26256942749024,-0.6538418831503652,False,False,False,False,,
2019-09-03,49.53057861328125,-0.3210007988478603,False,False,False,False,,
2019-09-04,50.370941162109375,-0.5545246919249535,False,False,False,False,,
2019-09-05,51.35575866699219,-0.453920623039632,False,False,False,False,,
2019-09-06,51.3509521484375,-0.8972374090076184,False,False,False,False,,
2019-09-09,51.57007598876953,-0.8899476918302275,False,False,False,False,,
2019-09-10,52.17927551269531,-0.7308471103876959,False,False,False,False,,
2019-09-11,53.83830642700195,0.2490433404973682,False,False,False,False,,
2019-09-12,53.71791458129883,-0.9085702066296628,False,False,False,False,,
2019-09-13,52.67288589477539,-0.0449911252214068,False,False,False,False,,
2019-09-16,52.94979476928711,-0.9022750471733318,False,False,False,False,,
2019-09-17,53.14242172241211,-0.9531361879166482,False,False,False,False,,
2019-09-18,53.64086532592773,-0.8478846432831247,False,False,False,False,,
2019-09-19,53.20504379272461,-0.7798745176157618,False,False,False,False,,
2019-09-20,52.427284240722656,-0.4996988196393627,False,False,False,False,,
2019-09-23,52.66566848754883,-0.9338640194074328,False,False,False,False,,
2019-09-24,52.41525268554688,-0.8216120002594746,False,False,False,False,,
2019-09-25,53.22189331054688,-0.553633898633262,False,False,False,False,,
2019-09-26,52.947391510009766,-0.7366120475792229,False,False,False,False,,
2019-09-27,52.68974304199219,-0.7810119469650715,False,False,False,False,,
2019-09-30,53.92981719970703,0.0031367632900289,False,False,False,False,,
2019-10-01,54.0791130065918,-0.9484570103620884,False,False,False,False,,
2019-10-02,52.72345733642578,0.7399286034579363,True,False,False,False,C,C weak_iof_only
2019-10-03,53.17133712768555,-0.8542025698858994,False,False,False,False,,
2019-10-04,54.66181945800781,0.3566050193464727,False,False,False,False,,
2019-10-07,54.67385482788086,-0.973231490692017,False,False,False,False,,
2019-10-08,54.03335571289063,-0.5999059445286834,False,False,False,False,,
2019-10-09,54.66663360595703,-0.7867488486147322,False,False,False,False,,
2019-10-10,55.40346145629883,-0.6008688013924229,False,False,False,False,,
2019-10-11,56.87709045410156,0.1686862807741066,False,False,False,False,,
2019-10-14,56.79523849487305,-0.9169866725887796,False,False,False,False,,
2019-10-15,56.662784576416016,-0.8951722893860223,False,False,False,False,,
2019-10-16,56.43404006958008,-0.8620760066275647,False,False,False,False,,
2019-10-17,56.65315628051758,-0.9623058981495946,False,False,False,False,,
2019-10-18,56.92525100708008,-0.9354603010782092,False,False,False,False,,
2019-10-21,57.9124870300293,-0.5001513612280581,False,False,False,False,,
2019-10-22,57.78004837036133,-0.8172015954056058,False,False,False,False,,
2019-10-23,58.55540084838867,-0.6493101195905977,False,False,False,False,,
2019-10-24,58.65171813964844,-0.8591151163731856,False,False,False,False,,
2019-10-25,59.37408828735352,-0.6760172643107607,False,False,False,False,,
2019-10-28,59.96883392333984,-0.5724491024904296,False,False,False,False,,
2019-10-29,58.58189010620117,0.8362141791286904,True,False,False,False,C,C weak_iof_only
2019-10-30,58.57465744018555,-0.9108862845782092,False,False,False,False,,
2019-10-31,59.89900970458984,0.0483203970530336,False,False,False,False,,
2019-11-01,61.599002838134766,0.6039513349572826,False,False,False,False,,
2019-11-04,62.003509521484375,-0.6613481852983166,False,False,False,False,,
2019-11-05,61.91442489624024,-0.5235340026284434,False,False,False,False,,
2019-11-06,61.9409065246582,-0.4305348375432385,False,False,False,False,,
2019-11-07,62.655799865722656,-0.4511947570111082,False,False,False,False,,
2019-11-08,62.8272705078125,-0.6250972576764164,False,False,False,False,,
2019-11-11,63.32477188110352,-0.7078368100680706,False,False,False,False,,
2019-11-12,63.26681518554688,-0.5734662041220329,False,False,False,False,,
2019-11-13,63.87301254272461,-0.5586335808165905,False,False,False,False,,
2019-11-14,63.43104934692383,-0.0864405244626894,False,False,False,False,,
2019-11-15,64.18457794189453,-0.4836330511161307,False,False,False,False,,
2019-11-18,64.50819396972656,-0.5929085539153522,False,False,False,False,,
2019-11-19,64.31257629394531,-0.4689928572536226,False,False,False,False,,
2019-11-20,63.56388473510742,0.0776820684898111,False,False,False,False,,
2019-11-21,63.27889633178711,-0.6469351969458773,False,False,False,False,,
2019-11-22,63.22335052490234,-0.8217403871053586,False,False,False,False,,
2019-11-25,64.33189392089844,-0.2898569107275596,False,False,False,False,,
2019-11-26,63.82956314086914,-0.5466289457000292,False,False,False,False,,
2019-11-27,64.6869125366211,-0.4033844539875325,False,False,False,False,,
2019-11-29,64.54443359375,-0.5271053408844285,False,False,False,False,,
2019-12-02,63.79814529418945,0.0089090479678465,False,False,False,False,,
2019-12-03,62.66061401367188,0.9137637534348168,True,False,False,False,C,C weak_iof_only
2019-12-04,63.21367263793945,-0.3280684757230452,False,False,False,False,,
2019-12-05,64.1410903930664,-0.0714285836093243,False,False,False,False,,
2019-12-06,65.38007354736328,0.1012426370232467,False,False,False,False,,
2019-12-09,64.4647445678711,-0.0747773990602587,False,False,False,False,,
2019-12-10,64.84149169921875,-0.7763952775971033,False,False,False,False,,
2019-12-11,65.39454650878906,-0.6842702861114588,False,False,False,False,,
2019-12-12,65.5611801147461,-0.859929351216903,False,False,False,False,,
2019-12-13,66.45236206054688,-0.4841391809750747,False,False,False,False,,
2019-12-16,67.58992004394531,-0.2619178196639787,False,False,False,False,,
2019-12-17,67.72271728515625,-0.8816588186838359,False,False,False,False,,
2019-12-18,67.56090545654297,-0.8288517186119633,False,False,False,False,,
2019-12-19,67.62854766845703,-0.863404078378115,False,False,False,False,,
2019-12-20,67.48847961425781,-0.7986269702323385,False,False,False,False,,
2019-12-23,68.58978271484375,-0.3441710277829375,False,False,False,False,,
2019-12-24,68.65496826171875,-0.8182128024577023,False,False,False,False,,
2019-12-26,70.01713562011719,-0.0294894245061311,False,False,False,False,,
2019-12-27,69.99053955078125,-0.723948209365115,False,False,False,False,,
2019-12-30,70.40595245361328,-0.8173605241918509,False,False,False,False,,
2019-12-31,70.92037200927734,-0.7443222537358627,False,False,False,False,,
2020-01-02,72.53852844238281,0.3665862495709042,False,False,False,False,,
2020-01-03,71.83328247070312,0.7344694422540402,True,False,False,False,C,C weak_iof_only
2020-01-06,72.40568542480469,-0.3963411798834578,False,False,False,False,,
2020-01-07,72.0651626586914,-0.0842914316339702,False,False,False,False,,
2020-01-08,73.22439575195312,-0.1268772371007481,False,False,False,False,,
2020-01-09,74.7797622680664,0.7928455804430811,True,False,False,False,C,C weak_iof_only
2020-01-10,74.94880676269531,-0.0564430767978049,False,False,False,False,,
2020-01-13,76.550048828125,0.6688662147444114,True,False,False,False,C,C weak_iof_only
2020-01-14,75.51636505126953,1.0847410263687955,True,False,False,False,C,C weak_iof_only
2020-01-15,75.19274139404297,-0.190946759965268,False,False,False,False,,
2020-01-16,76.13465881347656,-0.4700024320916672,False,False,False,False,,
2020-01-17,76.97753143310547,-0.4571528411608737,False,False,False,False,,
2020-01-21,76.45586395263672,-0.0552570399307853,False,False,False,False,,
2020-01-22,76.72877502441406,-0.5709294587562891,False,False,False,False,,
2020-01-23,77.09829711914062,-0.511784293153331,False,False,False,False,,
2020-01-24,76.87606811523438,-0.4007404532963393,False,False,False,False,,
2020-01-27,74.61554718017578,1.891087380324998,True,False,False,False,C,C weak_iof_only
2020-01-28,76.72636413574219,0.4024887836876457,False,False,False,False,,
2020-01-29,78.3323974609375,-0.3295897586590203,False,False,False,False,,
2020-01-30,78.21890258789062,-0.8131563391277562,False,False,False,False,,
2020-01-31,74.75078582763672,2.264216249365357,True,False,False,False,C,C weak_iof_only
2020-02-03,74.54550170898438,-0.9403343321909444,False,False,False,False,,
2020-02-04,77.00653839111328,0.3479593138875281,False,False,False,False,,
2020-02-05,77.63445281982422,-0.8638735753836835,False,False,False,False,,
2020-02-06,78.54252624511719,-0.7627382559350002,False,False,False,False,,
2020-02-07,77.47491455078125,-0.4953235044923607,False,False,False,False,,
2020-02-10,77.84290313720703,-0.9232293400626954,False,False,False,False,,
2020-02-11,77.37325286865234,-0.8402863701665942,False,False,False,False,,
2020-02-12,79.21070098876953,-0.284327211521068,False,False,False,False,,
2020-02-13,78.6466293334961,-0.8177156908348248,False,False,False,False,,
2020-02-14,78.66600799560547,-0.9486597398393148,False,False,False,False,,
2020-02-18,77.2255630493164,-0.351066961246719,False,False,False,False,,
2020-02-19,78.34403228759766,-0.6523465697210435,False,False,False,False,,
2020-02-20,77.540283203125,-0.6972430472627023,False,True,False,True,A,A1 spike_near_cp
2020-02-21,75.7851791381836,-0.1792095674352791,False,True,True,True,A,A1 spike_near_cp
2020-02-24,72.18533325195312,1.490255201083008,True,True,False,True,A,A1 spike_near_cp
2020-02-25,69.74027252197266,0.5359256216242966,False,True,False,False,C,C isolated_spike_far_cp
2020-02-26,70.84659576416016,-0.2739216245111919,False,True,False,False,C,C isolated_spike_far_cp
2020-02-27,66.21549224853516,2.634273310907969,True,False,False,True,B,B iof_and_(spike_or_near_cp)
2020-02-28,66.17675018310547,0.5245088705460014,False,False,True,True,,
2020-03-02,72.33786010742188,3.889435436648357,True,False,False,True,A,A2 very_strong_iof
2020-03-03,70.04045104980469,0.9085356387195448,True,False,False,False,C,C weak_iof_only
2020-03-04,73.28924560546875,1.6902129880862082,True,False,False,False,C,C weak_iof_only
2020-03-05,70.91197967529297,1.098733400880833,True,False,False,False,C,C weak_iof_only
2020-03-06,69.97024536132812,0.7026838792115228,True,False,False,False,C,C weak_iof_only
2020-03-09,64.4361801147461,3.046294539027439,True,False,False,False,A,A2 very_strong_iof
2020-03-10,69.07695770263672,3.3025588655567044,True,False,False,False,A,A2 very_strong_iof
2020-03-11,66.67789459228516,1.972125574017057,True,False,False,False,C,C weak_iof_only
2020-03-12,60.09312438964844,3.7194565120620138,True,False,False,False,A,A2 very_strong_iof
2020-03-13,67.29278564453125,4.560533303421152,True,False,False,False,A,A2 very_strong_iof
2020-03-16,58.63576889038086,4.207396825426112,True,False,False,False,A,A2 very_strong_iof
2020-03-17,61.21397018432617,3.868814646316302,True,False,False,False,A,A2 very_strong_iof
2020-03-18,59.71546936035156,3.3229613088376766,True,False,False,False,A,A2 very_strong_iof
2020-03-19,59.25792694091797,3.279139306352349,True,False,False,False,A,A2 very_strong_iof
2020-03-20,55.49590301513672,4.096095151164057,True,False,False,False,A,A2 very_strong_iof
2020-03-23,54.31693649291992,3.710347617521701,True,False,False,False,A,A2 very_strong_iof
2020-03-24,59.76629638671875,4.6754351761161255,True,False,False,False,A,A2 very_strong_iof
2020-03-25,59.43708038330078,2.8295560262080843,True,False,False,False,A,A2 very_strong_iof
2020-03-26,62.56481170654297,3.649798035218384,True,False,False,False,A,A2 very_strong_iof
2020-03-27,59.97449493408203,3.303953056527549,True,False,False,False,A,A2 very_strong_iof
2020-03-30,61.68605041503906,3.042474253440503,True,False,False,False,A,A2 very_strong_iof
2020-03-31,61.56016159057617,2.6211304408733005,True,False,False,False,C,C weak_iof_only
2020-04-01,58.321044921875,3.4543422344629384,True,False,False,False,A,A2 very_strong_iof
2020-04-02,59.29423141479492,3.1122024523157705,True,False,False,False,A,A2 very_strong_iof
2020-04-03,58.44209671020508,2.7894812901566577,True,False,False,False,C,C weak_iof_only
2020-04-06,63.54043960571289,4.127606081319095,True,False,False,False,A,A2 very_strong_iof
2020-04-07,62.80449295043945,2.5702545363114977,True,False,False,False,C,C weak_iof_only
2020-04-08,64.41193389892578,2.705330997452233,True,False,False,False,C,C weak_iof_only
2020-04-09,64.8767318725586,2.28512224535189,True,False,False,False,C,C weak_iof_only
2020-04-13,66.15013122558594,2.441429553432199,True,False,False,False,C,C weak_iof_only
2020-04-14,69.49090576171875,2.728976830624996,True,False,False,False,C,C weak_iof_only
2020-04-15,68.85665130615234,2.027510323355263,True,False,False,False,C,C weak_iof_only
2020-04-16,69.40376281738281,1.4269283634927448,True,False,False,False,C,C weak_iof_only
2020-04-17,68.46204376220703,1.9247637614311093,True,False,False,False,C,C weak_iof_only
2020-04-20,67.0409927368164,2.067717770614097,True,False,False,False,C,C weak_iof_only
2020-04-21,64.96873474121094,2.622643524432491,True,False,False,False,C,C weak_iof_only
2020-04-22,66.84007263183594,2.25378745416094,True,False,False,False,C,C weak_iof_only
2020-04-23,66.58102416992188,0.5282446946527813,False,False,False,False,,
2020-04-24,68.50321960449219,1.2433362929088831,True,False,False,False,C,C weak_iof_only
2020-04-27,68.55162811279297,0.200305853225301,False,False,False,False,,
2020-04-28,67.4404296875,0.722788959512424,True,False,False,False,C,C weak_iof_only
2020-04-29,69.6555404663086,0.9221449388968834,True,False,False,False,C,C weak_iof_only
2020-04-30,71.12500762939453,0.6796364985337077,True,False,False,False,C,C weak_iof_only
2020-05-01,69.97993469238281,1.3820032236909925,True,False,False,False,C,C weak_iof_only
2020-05-04,70.97005462646484,0.6373844165103284,True,False,False,False,C,C weak_iof_only
2020-05-05,72.03522491455078,0.9524951983444692,True,False,False,False,C,C weak_iof_only
2020-05-06,72.77845001220703,-0.4315376797345536,False,False,False,False,,
2020-05-07,73.5313491821289,-0.2359595205712906,False,False,False,False,,
2020-05-08,75.28150939941406,0.1217140811828856,False,False,False,False,,
2020-05-11,76.46610260009766,-0.0152209412463543,False,False,False,False,,
2020-05-12,75.59221649169922,-0.0674828077742263,False,False,False,False,,
2020-05-13,74.67951202392578,-0.5531982918953766,False,False,False,False,,
2020-05-14,75.13829803466797,-0.8674642463097686,False,False,False,False,,
2020-05-15,74.6940689086914,-0.8277691620413538,False,False,False,False,,
2020-05-18,76.45394134521484,-0.3085720904001764,False,False,False,False,,
2020-05-19,76.01215362548828,-0.4641454973919749,False,False,False,False,,
2020-05-20,77.4904556274414,0.1659973345363225,False,False,False,False,,
2020-05-21,76.9127197265625,-0.1600505818948055,False,False,False,False,,
2020-05-22,77.4079360961914,-0.4815519411336583,False,False,False,False,,
2020-05-26,76.88361358642578,-0.4655942350619574,False,False,False,False,,
2020-05-27,77.21858215332031,-0.7817662046062009,False,False,False,False,,
2020-05-28,77.25257110595703,-0.5243831587634864,False,False,False,False,,
2020-05-29,77.17730712890625,-0.7784603326180196,False,False,False,False,,
2020-06-01,78.12644958496094,-0.6586207912278306,False,False,False,False,,
2020-06-02,78.48811340332031,-0.711194212799449,False,False,False,False,,
2020-06-03,78.92020416259766,-0.7688093179742703,False,False,False,False,,
2020-06-04,78.24053192138672,-0.2958110593984351,False,False,False,False,,
2020-06-05,80.46890258789062,0.7200645570669267,True,False,False,False,C,C weak_iof_only
2020-06-08,80.94466400146484,-0.8316352110844278,False,False,False,False,,
2020-06-09,83.50074005126953,1.0029103808344262,True,False,False,False,C,C weak_iof_only
2020-06-10,85.64900207519531,0.1447754852311285,False,False,False,False,,
2020-06-11,81.5369644165039,2.882608093701113,True,False,False,False,A,A2 very_strong_iof
2020-06-12,82.24091339111328,-0.8297459624140713,False,False,False,False,,
2020-06-15,83.25800323486328,-0.6980486993085636,False,False,False,False,,
2020-06-16,85.46450805664062,-0.0070222677088963,False,False,False,False,,
2020-06-17,85.34559631347656,-0.7565700578298333,False,False,False,False,,
2020-06-18,85.37957763671875,-0.7134862197693499,False,False,False,False,,
2020-06-19,84.89166259765625,-0.7517880247435262,False,False,False,False,,
2020-06-22,87.11275482177734,-0.0868327872374925,False,False,False,False,,
2020-06-23,88.97212982177734,-0.1689925067680442,False,False,False,False,,
2020-06-24,87.40162658691406,0.2635200544700143,False,False,False,False,,
2020-06-25,88.56192016601562,-0.4009158090098758,False,False,False,False,,
2020-06-26,85.84078216552734,1.0491316920959806,True,False,False,False,C,C weak_iof_only
2020-06-29,87.81910705566406,-0.1443707700261886,False,False,False,False,,
2020-06-30,88.55219268798828,-0.5712473551632404,False,False,False,False,,
2020-07-01,88.38471221923828,-0.577777658609448,False,False,False,False,,
2020-07-02,88.38471221923828,-0.6732595457346493,False,False,False,False,,
2020-07-06,90.74900817871094,0.1495386989829928,False,False,False,False,,
2020-07-07,90.46745300292967,-0.557263022166428,False,False,False,False,,
2020-07-08,92.57442474365234,-0.0943763857283208,False,False,False,False,,
2020-07-09,92.97254943847656,-0.7532085246500146,False,False,False,False,,
2020-07-10,93.13517761230467,-0.8554109073121041,False,False,False,False,,
2020-07-13,92.70552825927734,-0.4499938561247414,False,False,False,False,,
2020-07-14,94.23963165283205,-0.4009298084109839,False,False,False,False,,
2020-07-15,94.88775634765624,-0.689313665228099,False,False,False,False,,
2020-07-16,93.72017669677734,-0.3574346291322783,False,False,False,False,,
2020-07-17,93.53084564208984,-0.8708432707610808,False,False,False,False,,
2020-07-20,95.50189971923828,-0.363583345189774,False,False,False,False,,
2020-07-21,94.18379974365234,-0.1593515063833007,False,False,False,False,,
2020-07-22,94.44840240478516,-0.971586546576998,False,False,False,True,,
2020-07-23,90.14944458007812,2.0578180945421223,True,False,True,True,B,B iof_and_(spike_or_near_cp)
2020-07-24,89.92611694335938,-0.9377626446641008,False,False,False,True,,
2020-07-27,92.05741119384766,-0.2955570025606812,False,False,False,False,,
2020-07-28,90.54511260986328,-0.3497658901854183,False,False,False,False,,
2020-07-29,92.28070831298828,-0.5500342358666032,False,False,False,True,,
2020-07-30,93.39733123779295,-0.7782656521649006,False,False,True,True,,
2020-07-31,103.17496490478516,3.885928813739382,True,False,False,True,A,A2 very_strong_iof
2020-08-03,105.77471923828124,0.8847532165069135,True,False,False,False,C,C weak_iof_only
2020-08-04,106.48110961914062,0.3557617442663557,False,False,False,False,,
2020-08-05,106.86708068847656,0.4328377621802467,False,False,False,False,,
2020-08-06,110.59556579589844,1.159853049929503,True,False,False,False,C,C weak_iof_only
2020-08-07,108.08110809326172,1.2680734878042694,True,False,False,False,C,C weak_iof_only
2020-08-10,109.65204620361328,0.5609314268894856,False,False,False,False,,
2020-08-11,106.39100646972656,1.621483894435707,True,False,False,False,C,C weak_iof_only
2020-08-12,109.92684173583984,1.1230739480200589,True,False,False,False,C,C weak_iof_only
2020-08-13,111.87227630615234,0.7752904141374798,True,False,False,False,C,C weak_iof_only
2020-08-14,111.7725601196289,0.793324092311588,True,False,False,False,C,C weak_iof_only
2020-08-17,111.48075103759766,0.851750473228022,True,False,False,False,C,C weak_iof_only
2020-08-18,112.40970611572266,0.6471629154721711,True,False,False,False,C,C weak_iof_only
2020-08-19,112.55074310302734,0.7620276106203322,True,False,False,True,B,B iof_and_(spike_or_near_cp)
2020-08-20,115.04821014404295,1.1281625185693416,True,False,True,True,B,B iof_and_(spike_or_near_cp)
2020-08-21,120.97692108154295,2.7781103980416044,True,False,False,True,B,B iof_and_(spike_or_near_cp)
2020-08-24,122.42383575439452,2.0192425103068845,True,False,False,False,C,C weak_iof_only
2020-08-25,121.41949462890624,2.1258520045439475,True,False,False,False,C,C weak_iof_only
2020-08-26,123.0706787109375,2.017218770705361,True,False,False,False,C,C weak_iof_only
2020-08-27,121.59944915771484,2.2788895278579493,True,False,False,False,C,C weak_iof_only
2020-08-28,121.40248107910156,1.7268679056994811,True,False,False,False,C,C weak_iof_only
2020-08-31,125.51950073242188,1.046247488885791,True,False,False,False,C,C weak_iof_only
2020-09-01,130.51927185058594,1.5297826550903169,True,False,False,True,B,B iof_and_(spike_or_near_cp)
2020-09-02,127.81510162353516,1.262739505018763,True,False,True,True,B,B iof_and_(spike_or_near_cp)
2020-09-03,117.58211517333984,3.8218898940805137,True,False,False,True,A,A2 very_strong_iof
2020-09-04,117.65995025634766,-0.2598969302259382,False,False,False,False,,
2020-09-08,109.74203491210938,2.773703907420709,True,False,False,False,C,C weak_iof_only
2020-09-09,114.11924743652344,1.2745012092853285,True,False,False,False,C,C weak_iof_only
2020-09-10,110.39373016357422,1.2218864602721993,True,False,False,False,C,C weak_iof_only
2020-09-11,108.94437408447266,0.2966739531470641,False,False,False,False,,
2020-09-14,112.21271514892578,0.8182546636219535,True,False,False,False,C,C weak_iof_only
2020-09-15,112.38780975341795,0.1123881609815892,False,False,False,False,,
2020-09-16,109.07083129882812,0.9481608454841918,True,False,False,False,C,C weak_iof_only
2020-09-17,107.32967376708984,0.4912291803355135,False,False,False,False,,
2020-09-18,103.9251708984375,1.1520987748954314,True,False,False,False,C,C weak_iof_only
2020-09-21,107.0767822265625,1.1922282890623603,True,False,False,False,C,C weak_iof_only
2020-09-22,108.75957489013672,0.612233666590773,True,False,False,False,C,C weak_iof_only
2020-09-23,104.19752502441406,1.6845427354277804,True,False,False,True,B,B iof_and_(spike_or_near_cp)
2020-09-24,105.26751708984376,0.827636490211019,True,False,True,True,B,B iof_and_(spike_or_near_cp)
2020-09-25,109.21676635742188,1.8174739132028768,True,False,False,True,B,B iof_and_(spike_or_near_cp)
2020-09-28,111.82362365722656,1.0696160249824167,True,False,False,False,C,C weak_iof_only
2020-09-29,110.97736358642578,0.5531069252596366,False,False,False,False,,
2020-09-30,112.6504364013672,0.8004730655575126,True,False,False,False,C,C weak_iof_only
2020-10-01,113.60370635986328,0.7227931135757143,True,False,False,False,C,C weak_iof_only
2020-10-02,109.9365692138672,1.2432735380327369,True,False,False,False,C,C weak_iof_only
2020-10-05,113.32161712646484,0.7321968196260183,True,False,False,False,C,C weak_iof_only
2020-10-06,110.07275390625,0.6320853029081621,True,False,False,False,C,C weak_iof_only
2020-10-07,111.94034576416016,-0.1532197910213372,False,False,False,False,,
2020-10-08,111.8333740234375,-0.537362520222686,False,False,False,False,,
2020-10-09,113.77879333496094,-0.3158816672646261,False,False,False,False,,
2020-10-12,121.0060806274414,2.3431598396575963,True,False,False,False,C,C weak_iof_only
2020-10-13,117.79611206054688,0.5622087606078756,False,False,False,False,,
2020-10-14,117.8836669921875,-0.3384122087626857,False,False,False,False,,
2020-10-15,117.41676330566406,-0.2979032316079534,False,False,False,False,,
2020-10-16,115.77287292480467,0.0776398819045907,False,False,False,False,,
2020-10-19,112.8158187866211,0.6674769528571567,True,False,False,False,C,C weak_iof_only
2020-10-20,114.3040771484375,-0.2791319728297202,False,False,False,False,,
2020-10-21,113.68152618408205,-0.4163767983342854,False,False,False,False,,
2020-10-22,112.5920867919922,-0.3222585223376303,False,False,False,False,,
2020-10-23,111.90145111083984,-0.4859812825138681,False,False,False,False,,
2020-10-26,111.91120147705078,-0.7412145918058627,False,False,False,True,,
2020-10-27,113.41889190673828,-0.5765413774845021,False,False,True,True,,
2020-10-28,108.16620635986328,1.3836412409967842,True,False,False,True,B,B iof_and_(spike_or_near_cp)
2020-10-29,112.17381286621094,0.7814645232512935,True,False,False,False,C,C weak_iof_only
2020-10-30,105.89004516601562,2.035843202955692,True,False,False,False,C,C weak_iof_only
2020-11-02,105.802490234375,-0.2671529627586221,False,False,False,True,,
2020-11-03,107.42694091796876,-0.0088629223388622,False,False,True,True,,
2020-11-04,111.81389617919922,1.058308234358989,True,False,False,True,B,B iof_and_(spike_or_near_cp)
2020-11-05,115.7825927734375,0.7476033531876225,True,False,False,False,C,C weak_iof_only
2020-11-06,115.65104675292967,-0.3091498852263654,False,False,False,False,,
2020-11-09,113.34174346923828,0.2140209726171286,False,False,False,False,,
2020-11-10,113.00069427490234,-0.3334736010805647,False,False,False,False,,
2020-11-11,116.43055725097656,0.3983368496288485,False,False,False,False,,
2020-11-12,116.1577377319336,-0.5564073279697677,False,False,False,False,,
2020-11-13,116.20647430419922,-0.5379592108886747,False,False,False,False,,
2020-11-16,117.21983337402344,-0.5048824706711017,False,False,False,False,,
2020-11-17,116.33313751220705,-0.4616117052327068,False,False,False,False,,
2020-11-18,115.00794982910156,-0.4078612304526135,False,False,False,True,,
2020-11-19,115.60232543945312,-0.5735269355248451,False,False,True,True,,
2020-11-20,114.33563232421876,-0.4132286437459032,False,False,False,True,,
2020-11-23,110.93498229980467,0.4286395365893447,False,False,False,False,,
2020-11-24,112.22119140625,-0.3995281473827863,False,False,False,False,,
2020-11-25,113.05916595458984,-0.4942785936563707,False,False,False,True,,
2020-11-27,113.6048355102539,-0.6300634233348376,False,False,True,True,,
2020-11-30,116.0018539428711,-0.3648596636721039,False,False,False,True,,
2020-12-01,119.57786560058594,0.2293219179525701,False,False,False,False,,
2020-12-02,119.9286651611328,-0.6597619828235828,False,False,False,False,,
2020-12-03,119.7922592163086,-0.7701540512223906,False,False,False,False,,
2020-12-04,119.11988830566406,-0.8485779176881603,False,False,False,False,,
2020-12-07,120.5814971923828,-0.7478485492091445,False,False,False,False,,
2020-12-08,121.19538116455078,-0.944686659194702,False,False,False,False,,
2020-12-09,118.6619110107422,0.0615911257633648,False,False,False,False,,
2020-12-10,120.08456420898438,-0.7854652233921626,False,False,False,False,,
2020-12-11,119.27581787109376,-0.7934133618609683,False,False,False,False,,
2020-12-14,118.6619110107422,-0.8461158479955332,False,False,False,False,,
2020-12-15,124.6057586669922,2.2358440138701936,True,False,False,False,C,C weak_iof_only
2020-12-16,124.53753662109376,-0.9546622058634404,False,False,False,False,,
2020-12-17,125.40477752685548,-0.90988481464546,False,False,False,False,,
2020-12-18,123.41699981689452,-0.3367137523100086,False,False,False,False,,
2020-12-21,124.94678497314452,-0.7491217257151243,False,False,False,False,,
2020-12-22,128.50335693359375,0.0575919769906618,False,False,False,False,,
2020-12-23,127.6069107055664,-0.22816606589929,False,False,False,False,,
2020-12-24,128.59104919433594,-0.601534965201407,False,False,False,False,,
2020-12-28,133.19020080566406,0.979619720755336,True,False,False,False,C,C weak_iof_only
2020-12-29,131.41676330566406,0.2896511744429176,False,False,False,False,,
2020-12-30,130.29624938964844,-0.4082370293043725,False,False,False,True,,
2020-12-31,129.29257202148438,-0.7273424271659515,False,False,True,True,,
2021-01-04,126.09656524658205,0.122248103394563,False,False,False,True,,
2021-01-05,127.65559387207033,-0.7652691831403327,False,False,False,False,,
2021-01-06,123.3585205078125,0.6373241108978307,True,False,False,False,C,C weak_iof_only
2021-01-07,127.56790924072266,0.3761780598952574,False,False,False,False,,
2021-01-08,128.6690216064453,-0.7490342166510057,False,False,False,False,,
2021-01-11,125.67756652832033,-0.0461733557791615,False,False,False,False,,
2021-01-12,125.50221252441406,-0.8483314434906238,False,False,False,False,,
2021-01-13,127.5386962890625,-0.5500868292653819,False,False,False,False,,
2021-01-14,125.60939025878906,-0.39011659127898,False,False,False,False,,
2021-01-15,123.88469696044922,-0.5368856283082762,False,False,False,False,,
2021-01-19,124.5570297241211,-0.7782884398800924,False,False,False,True,,
2021-01-20,128.6494903564453,0.4012619167997622,False,False,True,True,,
2021-01-21,133.36557006835938,0.5728541197837496,False,False,False,True,,
2021-01-22,135.50929260253906,-0.4936572949060741,False,False,False,False,,
2021-01-25,139.2606658935547,-0.0392511582526291,False,False,False,False,,
2021-01-26,139.49453735351562,-0.7316622372040972,False,False,False,True,,
2021-01-27,138.4226837158203,-0.648473858631683,False,False,True,True,,
2021-01-28,133.57992553710938,0.6279654457285705,True,False,False,True,B,B iof_and_(spike_or_near_cp)
2021-01-29,128.58131408691406,0.7534980189005276,True,False,False,False,C,C weak_iof_only
2021-02-01,130.7054901123047,-0.3610276698656308,False,False,False,False,,
2021-02-02,131.53372192382812,-0.6199538643025906,False,False,False,False,,
2021-02-03,130.51063537597656,-0.5787072203652148,False,False,False,False,,
2021-02-04,133.87225341796875,-0.0588187592166171,False,False,False,False,,
2021-02-05,133.45750427246094,-0.7266285320744162,False,False,False,False,,
2021-02-08,133.60391235351562,-0.8939672543616584,False,False,False,False,,
2021-02-09,132.7256317138672,-0.7622110573660789,False,False,False,False,,
2021-02-10,132.12060546875,-0.8676616247138477,False,False,False,False,,
2021-02-11,131.86685180664062,-0.91047829950222,False,False,False,False,,
2021-02-12,132.10108947753906,-0.8886034844612674,False,False,False,False,,
2021-02-16,129.9736785888672,-0.4214167747233411,False,False,False,False,,
2021-02-17,127.68045043945312,-0.3675936158158517,False,False,False,False,,
2021-02-18,126.57778930664062,-0.773178952987246,False,False,False,False,,
2021-02-19,126.73388671875,-0.7943037360892472,False,False,False,False,,
2021-02-22,122.95736694335938,0.5044575384146741,False,False,False,False,,
2021-02-23,122.82072448730467,-0.1967746890171369,False,False,False,False,,
2021-02-24,122.3230438232422,0.0496829869182707,False,False,False,False,,
2021-02-25,118.06832885742188,1.4678346965642477,True,False,False,False,C,C weak_iof_only
2021-02-26,118.33182525634766,0.5478214321393566,False,False,False,False,,
2021-03-01,124.70413970947266,2.923516934541556,True,False,False,False,A,A2 very_strong_iof
2021-03-02,122.09861755371094,-0.1545627994654367,False,False,False,False,,
2021-03-03,119.1125030517578,0.127256449675043,False,False,False,False,,
2021-03-04,117.22908782958984,0.1290192034152399,False,False,False,False,,
2021-03-05,118.48796081542967,-0.0669679657547138,False,False,False,False,,
2021-03-08,113.55014038085938,1.567027035861977,True,False,False,False,C,C weak_iof_only
2021-03-09,118.16592407226562,2.0273702756659864,True,True,False,False,B,B iof_and_(spike_or_near_cp)
2021-03-10,117.0827178955078,0.0109087075580551,False,True,False,False,C,C isolated_spike_far_cp
2021-03-11,119.0149154663086,0.2332974176071339,False,True,False,False,C,C isolated_spike_far_cp
2021-03-12,118.1073760986328,-0.0991590536851836,False,True,False,False,C,C isolated_spike_far_cp
2021-03-15,120.99588775634766,0.48293663590468,False,True,False,False,C,C isolated_spike_far_cp
2021-03-16,122.5377426147461,-0.0925073887375384,False,True,False,False,C,C isolated_spike_far_cp
2021-03-17,121.74729919433594,-0.3529029469929722,False,False,False,False,,
2021-03-18,117.61944580078124,0.5801372721377036,False,False,False,False,,
2021-03-19,117.09249877929688,-0.2861391992339018,False,False,False,False,,
2021-03-22,120.4103775024414,0.5144948321452029,False,False,False,False,,
2021-03-23,119.5809097290039,-0.4688135243461245,False,False,False,False,,
2021-03-24,117.19007110595705,-0.0309319740982365,False,False,False,False,,
2021-03-25,117.677978515625,-0.3878774285957641,False,False,False,False,,
2021-03-26,118.28302764892578,-0.5862165554956732,False,False,False,False,,
2021-03-29,118.45867156982422,-0.6060182113396221,False,False,False,False,,
2021-03-30,117.00465393066406,-0.3561362283422349,False,False,False,False,,
2021-03-31,119.20033264160156,-0.3586427749687282,False,False,False,False,,
2021-04-01,120.02979278564452,-0.8113095487165255,False,False,False,False,,
2021-04-05,122.8597640991211,-0.3569423433068802,False,False,False,False,,
2021-04-06,123.16230010986328,-0.8775339077198205,False,False,False,False,,
2021-04-07,124.8114776611328,-0.6995422062124992,False,False,False,False,,
2021-04-08,127.21209716796876,-0.5248766821909202,False,False,False,False,,
2021-04-09,129.78826904296875,-0.4475932765641219,False,False,False,False,,
2021-04-12,128.07080078125,-0.4481975422921404,False,False,False,False,,
2021-04-13,131.1837615966797,-0.2240488587643863,False,False,False,False,,
2021-04-14,128.8417510986328,-0.2395381833110748,False,False,False,False,,
2021-04-15,131.25209045410156,-0.5696013955009971,False,False,False,False,,
2021-04-16,130.9203338623047,-0.9360973734715052,False,False,False,False,,
2021-04-19,131.58387756347656,-0.847407401103417,False,False,False,False,,
2021-04-20,129.89564514160156,-0.2165334449326412,False,False,False,False,,
2021-04-21,130.27622985839844,-0.9791184129075672,False,False,False,False,,
2021-04-22,128.75393676757812,-0.4912243173503853,False,False,False,False,,
2021-04-23,131.076416015625,-0.4523639396142321,False,False,False,False,,
2021-04-26,131.46676635742188,-0.8306835117178636,False,False,False,False,,
2021-04-27,131.14476013183594,-0.7640536508974968,False,False,False,False,,
2021-04-28,130.35430908203125,-0.629626140622539,False,False,False,False,,
2021-04-29,130.25674438476562,-0.7834481669230046,False,False,False,False,,
2021-04-30,128.28550720214844,-0.1684049497923345,False,False,False,False,,
2021-05-03,129.33938598632812,-0.8597417520510675,False,False,False,False,,
2021-05-04,124.7626953125,1.4671467114864063,True,False,False,False,C,C weak_iof_only
2021-05-05,125.00664520263672,-0.92921066949296,False,False,False,False,,
2021-05-06,126.60704803466795,-0.6360659931970107,False,False,False,False,,
2021-05-07,127.2815170288086,-0.7964567659984414,False,False,False,False,,
2021-05-10,123.99708557128906,0.3065210156221868,False,False,False,False,,
2021-05-11,123.07823181152344,-0.6120872080571059,False,False,False,False,,
2021-05-12,120.00885009765624,0.4604376952775951,False,False,False,False,,
2021-05-13,122.15936279296876,0.1259779835996649,False,False,False,False,,
2021-05-14,124.5835952758789,0.2580202301535295,False,False,False,False,,
2021-05-17,123.4301300048828,-0.4356085636023449,False,False,False,False,,
2021-05-18,122.04206085205078,-0.2669863882510144,False,False,False,False,,
2021-05-19,121.88567352294922,-0.4848412652022691,False,False,False,False,,
2021-05-20,124.44674682617188,0.1984853862879363,False,False,False,False,,
2021-05-21,122.60902404785156,-0.3324744142230553,False,False,False,False,,
2021-05-24,124.241455078125,-0.2699717521591003,False,False,False,False,,
2021-05-25,124.04595947265624,-0.584896478269105,False,False,False,False,,
2021-05-26,123.99708557128906,-0.5782458843064688,False,False,False,False,,
2021-05-27,122.46239471435548,-0.3278050375269007,False,False,False,False,,
2021-05-28,121.8074722290039,-0.5244262518682304,False,False,False,False,,
2021-06-01,121.48490142822266,-0.6352186476068498,False,False,False,False,,
2021-06-02,122.24732971191406,-0.4841602726814777,False,False,False,False,,
2021-06-03,120.76154327392578,-0.4291682746976358,False,False,False,False,,
2021-06-04,123.05867767333984,-0.0766474706088764,False,False,False,False,,
2021-06-07,123.06844329833984,-0.7282404480996763,False,False,False,False,,
2021-06-08,123.88957977294922,-0.6375217901592183,False,False,False,False,,
2021-06-09,124.27078247070312,-0.7929242846631462,False,False,False,False,,
2021-06-10,123.2737274169922,-0.6783905299388413,False,False,False,False,,
2021-06-11,124.48585510253906,-0.6578470001351358,False,False,False,False,,
2021-06-14,127.54541778564452,0.4951375124649363,False,False,False,False,,
2021-06-15,126.72433471679688,-0.6692569392212946,False,False,False,False,,
2021-06-16,127.22286987304688,-0.8205321695193151,False,False,False,False,,
2021-06-17,128.8259735107422,-0.535201781003076,False,False,False,False,,
2021-06-18,127.52590942382812,-0.4016536218305789,False,False,False,False,,
2021-06-21,129.3245086669922,-0.4024403773345642,False,False,False,False,,
2021-06-22,130.96673583984375,-0.489142799123709,False,False,False,False,,
2021-06-23,130.69302368164062,-0.7592356817890226,False,False,False,False,,
2021-06-24,130.40953063964844,-0.7690557996231909,False,False,False,False,,
2021-06-25,130.11630249023438,-0.7610707224790436,False,False,False,False,,
2021-06-28,131.7487335205078,-0.4408949161705193,False,False,False,False,,
2021-06-29,133.2638702392578,-0.5462198528986758,False,False,False,False,,
2021-06-30,133.87973022460938,-0.6894482230017085,False,False,False,False,,
2021-07-01,134.18272399902344,-0.678182466165828,False,False,False,False,,
2021-07-02,136.81224060058594,0.3483768790699275,False,False,False,False,,
2021-07-06,138.825927734375,-0.1283513092947805,False,False,False,False,,
2021-07-07,141.3185272216797,0.2572597527802652,False,False,False,False,,
2021-07-08,140.01849365234375,0.3486655099591271,False,False,False,False,,
2021-07-09,141.84642028808594,-0.2641830280645789,False,False,False,False,,
2021-07-12,141.2501220703125,0.0971481251583077,False,False,False,False,,
2021-07-13,142.364501953125,-0.4182184017823909,False,False,False,False,,
2021-07-14,145.79554748535156,0.8200322768322136,True,False,False,False,C,C weak_iof_only
2021-07-15,145.14060974121094,0.1550341058663983,False,False,False,False,,
2021-07-16,143.09762573242188,0.7828143193511149,True,False,False,False,C,C weak_iof_only
2021-07-19,139.24623107910156,1.5290341964961598,True,False,False,False,C,C weak_iof_only
2021-07-20,142.86302185058594,0.19323322335714,False,False,False,False,,
2021-07-21,142.1298828125,-0.6622609989967839,False,False,False,False,,
2021-07-22,143.49839782714844,-0.8117562968919891,False,False,False,False,,
2021-07-23,145.21878051757812,-0.7245842063874406,False,False,False,False,,
2021-07-26,145.63916015625,-0.8339562379007438,False,False,False,False,,
2021-07-27,143.46910095214844,0.0487391688979596,False,False,False,False,,
2021-07-28,141.7193145751953,-0.449956941918785,False,False,False,False,,
2021-07-29,142.364501953125,-0.9720493828710884,False,False,False,False,,
2021-07-30,142.5795440673828,-0.9620610132781048,False,False,False,False,,
2021-08-02,142.24720764160156,-0.9335043070940172,False,False,False,False,,
2021-08-03,144.0458221435547,-0.6907912763055476,False,False,False,False,,
2021-08-04,143.64501953125,-0.904018455586901,False,False,False,False,,
2021-08-05,143.7525634765625,-0.910166956566885,False,False,False,False,,
2021-08-06,143.06729125976562,-0.846060162795903,False,False,False,False,,
2021-08-09,143.01832580566406,-0.8470257103845511,False,False,False,False,,
2021-08-10,142.5386505126953,-0.8006815612181115,False,False,False,False,,
2021-08-11,142.79318237304688,-0.8072337345641648,False,False,False,False,,
2021-08-12,145.75946044921875,0.3674855620272562,False,False,False,False,,
2021-08-13,145.96507263183594,-0.7822640482195913,False,False,False,False,,
2021-08-16,147.9425506591797,-0.498749523228678,False,False,False,False,,
2021-08-17,147.03216552734375,-0.4956519278944569,False,False,False,False,,
2021-08-18,143.28265380859375,1.643655871547972,True,False,False,False,C,C weak_iof_only
2021-08-19,143.61549377441406,-0.6840521087062299,False,False,False,False,,
2021-08-20,145.0741729736328,-0.3592949888879074,False,False,False,False,,
2021-08-23,146.5622100830078,-0.3252873000222841,False,False,False,False,,
2021-08-24,146.47410583496094,-0.6901946462580906,False,False,False,False,,
2021-08-25,145.2406005859375,-0.3590705672799761,False,False,False,False,,
2021-08-26,144.43780517578125,-0.5144378226959032,False,False,False,False,,
2021-08-27,145.47557067871094,-0.5368178679430368,False,False,False,False,,
2021-08-30,149.9005126953125,1.41774548526981,True,False,False,False,C,C weak_iof_only
2021-08-31,148.63766479492188,-0.569294004379542,False,False,False,False,,
2021-09-01,149.3033447265625,-0.84120813951012,False,False,False,False,,
2021-09-02,150.41940307617188,-0.7816151914797645,False,False,False,False,,
2021-09-03,151.0557098388672,-0.868440317625772,False,False,False,False,,
2021-09-07,153.39547729492188,-0.4720323796843562,False,False,False,False,,
2021-09-08,151.84869384765625,-0.4717158002846754,False,False,False,False,,
2021-09-09,150.83053588867188,-0.6765797827906934,False,False,False,False,,
2021-09-10,145.83778381347656,1.3618979807753433,True,False,False,False,C,C weak_iof_only
2021-09-13,146.4055938720703,-0.8429995062628798,False,False,False,False,,
2021-09-14,145.005615234375,-0.658440958501998,False,False,False,False,,
2021-09-15,145.89649963378906,-0.6976599551855706,False,False,False,False,,
2021-09-16,145.66156005859375,-0.8185487301739485,False,False,False,False,,
2021-09-17,142.9889373779297,-0.0791894592286206,False,False,False,False,,
2021-09-20,139.93458557128906,0.0916531141132914,False,False,False,False,,
2021-09-21,140.41427612304688,-0.6358957908441362,False,False,False,False,,
2021-09-22,142.78335571289062,-0.1238354985517766,False,False,False,False,,
2021-09-23,143.74278259277344,-0.688276246470565,False,False,False,False,,
2021-09-24,143.83087158203125,-0.8036089934754216,False,False,False,False,,
2021-09-27,142.31344604492188,-0.5664348291139193,False,False,False,False,,
2021-09-28,138.9262237548828,0.1615472674372434,False,False,False,False,,
2021-09-29,139.826904296875,-0.2501749762358779,False,False,False,False,,
2021-09-30,138.5248565673828,-0.3071420541668572,False,False,False,False,,
2021-10-01,139.65065002441406,-0.2205347675031942,False,False,False,False,,
2021-10-04,136.21444702148438,0.5377229139379509,False,False,False,False,,
2021-10-05,138.14305114746094,0.3606116535343767,False,False,False,False,,
2021-10-06,139.01431274414062,0.0321444498498806,False,False,False,False,,
2021-10-07,140.27719116210938,-0.079895158274337,False,False,False,False,,
2021-10-08,139.89540100097656,-0.4154540705901021,False,False,False,False,,
2021-10-11,139.8073272705078,-0.5310318240996301,False,False,False,False,,
2021-10-12,138.53460693359375,-0.3369503342789864,False,False,False,False,,
2021-10-13,137.94725036621094,-0.4959517152429519,False,False,False,False,,
2021-10-14,140.73731994628906,0.4275637677756821,False,False,False,False,,
2021-10-15,141.79464721679688,-0.5890252718381405,False,False,False,False,,
2021-10-18,143.4686737060547,-0.5185694497844728,False,False,False,False,,
2021-10-19,145.6322021484375,-0.4853337071661074,False,False,False,False,,
2021-10-20,146.12168884277344,-0.9122950073025996,False,False,False,False,,
2021-10-21,146.33705139160156,-0.8682908604752025,False,False,False,False,,
2021-10-22,145.56365966796875,-0.7390392148495982,False,False,False,False,,
2021-10-25,145.5146942138672,-0.8365364360126674,False,False,False,False,,
2021-10-26,146.18045043945312,-0.8080017361250641,False,False,False,False,,
2021-10-27,145.72030639648438,-0.6776767222355541,False,False,False,False,,
2021-10-28,149.36207580566406,0.6769876593338604,True,False,False,False,C,C weak_iof_only
2021-10-29,146.6503448486328,0.318024268719887,False,False,False,False,,
2021-11-01,145.82797241210938,-0.7724221137002784,False,False,False,False,,
2021-11-02,146.86570739746094,-0.7015058273968086,False,False,False,False,,
2021-11-03,148.30482482910156,-0.5882812929313049,False,False,False,False,,
2021-11-04,147.7859344482422,-0.6074672351497076,False,False,False,False,,
2021-11-05,148.3153533935547,-0.7839763793700012,False,False,False,False,,
2021-11-08,147.4918212890625,-0.5259219591823118,False,False,False,False,,
2021-11-09,147.85455322265625,-0.780810746369548,False,False,False,False,,
2021-11-10,145.0211944580078,0.6493400167472875,True,False,False,False,C,C weak_iof_only
2021-11-11,144.97215270996094,-0.8556068488159143,False,False,False,False,,
2021-11-12,147.05062866210938,-0.3182068399226014,False,False,False,False,,
2021-11-15,147.0604248046875,-0.7892658411489184,False,False,False,False,,
2021-11-16,148.04086303710938,-0.6250085888185773,False,False,False,False,,
2021-11-17,150.4820098876953,-0.001297963774129,False,False,False,False,,
2021-11-18,154.77622985839844,1.0647774216244876,True,False,False,False,C,C weak_iof_only
2021-11-19,157.4036865234375,-0.4259242248845433,False,False,False,False,,
2021-11-22,157.86451721191406,-0.8932206302333126,False,False,False,False,,
2021-11-23,158.24684143066406,-0.889553211996105,False,False,False,False,,
2021-11-24,158.7664337158203,-0.902147715326432,False,False,False,False,,
2021-11-26,153.7369842529297,1.529811515928619,True,False,False,False,C,C weak_iof_only
2021-11-29,157.09976196289062,-0.1796620052379733,False,False,False,False,,
2021-11-30,162.06060791015625,0.6194805407009687,True,False,False,False,C,C weak_iof_only
2021-12-01,161.54098510742188,-0.7589466355517188,False,False,False,False,,
2021-12-02,160.55078125,-0.7266115505635325,False,False,False,False,,
2021-12-03,158.6683807373047,-0.5480892823372476,False,False,False,False,,
2021-12-06,162.08023071289062,-0.3692878276813621,False,False,False,True,,
2021-12-07,167.8253631591797,0.7767511663342309,True,False,True,True,B,B iof_and_(spike_or_near_cp)
2021-12-08,171.64892578125,-0.0422093191902105,False,False,False,True,,
2021-12-09,171.13912963867188,-0.3951312081041193,False,False,False,False,,
2021-12-10,175.93331909179688,0.733379882517994,True,False,False,False,C,C weak_iof_only
2021-12-13,172.29600524902344,1.2964999675678308,True,False,False,False,C,C weak_iof_only
2021-12-14,170.9136505126953,0.0277518055929418,False,False,False,True,,
2021-12-15,175.7862548828125,0.4812931291789373,False,False,True,True,,
2021-12-16,168.8842315673828,2.047772705625891,True,False,False,True,B,B iof_and_(spike_or_near_cp)
2021-12-17,167.7861328125,-0.4443640980431417,False,False,False,False,,
2021-12-20,166.42340087890625,-0.6758459110652718,False,False,False,False,,
2021-12-21,169.5999298095703,-0.4737730145303988,False,False,False,True,,
2021-12-22,172.1979522705078,-0.5400015963066935,False,False,True,True,,
2021-12-23,172.825439453125,-0.7665655285274005,False,False,False,True,,
2021-12-27,176.79605102539062,-0.2020123721212497,False,False,False,False,,
2021-12-28,175.77639770507812,-0.352348091509183,False,False,False,False,,
2021-12-29,175.86468505859375,-0.6883765966216576,False,False,False,False,,
2021-12-30,174.70779418945312,-0.7679014583353561,False,False,False,False,,
2021-12-31,174.09017944335938,-0.8698719937757857,False,False,False,False,,
2022-01-03,178.44313049316406,-0.2385759861878504,False,False,False,False,,
2022-01-04,176.1783905029297,-0.2405909494136892,False,False,False,False,,
2022-01-05,171.4920654296875,0.2376526475569285,False,False,False,False,,
2022-01-06,168.62930297851562,-0.4249034403222157,False,False,False,False,,
2022-01-07,168.79595947265625,-0.7894993025836846,False,False,False,False,,
2022-01-10,168.8155975341797,-0.823385017411794,False,False,False,True,,
2022-01-11,171.64892578125,-0.3771489847322626,False,False,True,True,,
2022-01-12,172.09011840820312,-0.8621607591108453,False,False,False,True,,
2022-01-13,168.8155975341797,-0.2745668536579542,False,False,False,False,,
2022-01-14,169.6783447265625,-0.6425199032483982,False,False,False,False,,
2022-01-18,166.47242736816406,-0.1763640145232801,False,False,False,False,,
2022-01-19,162.9723663330078,-0.0615316155715058,False,False,False,False,,
2022-01-20,161.28607177734375,-0.5613987750438117,False,False,False,True,,
2022-01-21,159.2272186279297,-0.2710198154781468,False,False,True,True,,
2022-01-24,158.4527130126953,-0.3328628910456687,False,False,False,True,,
2022-01-25,156.64881896972656,-0.0224307796732224,False,False,False,False,,
2022-01-26,156.560546875,0.1935006872707475,False,False,False,False,,
2022-01-27,156.09974670410156,0.1143666156820746,False,False,False,True,,
2022-01-28,166.9920196533203,3.858182932616484,True,False,True,True,A,A2 very_strong_iof
2022-01-31,171.35484313964844,0.0554937575373796,False,False,False,True,,
2022-02-01,171.18812561035156,-0.7509275595556435,False,False,False,False,,
2022-02-02,172.39404296875,-0.6209709577627414,False,False,False,False,,
2022-02-03,169.5116424560547,-0.3736807770581872,False,False,False,False,,
2022-02-04,169.22698974609375,-0.8320047433566349,False,False,False,False,,
2022-02-07,168.5103759765625,-0.8492874061768633,False,False,False,False,,
2022-02-08,171.6222381591797,-0.5008472290653673,False,False,False,False,,
2022-02-09,173.04562377929688,-0.8101553988267072,False,False,False,False,,
2022-02-10,168.96192932128906,-0.1645842623213412,False,False,False,False,,
2022-02-11,165.54579162597656,-0.2141986219144513,False,False,False,False,,
2022-02-14,165.78140258789062,-0.7437652952713085,False,False,False,False,,
2022-02-15,169.61964416503906,-0.2361700664937321,False,False,False,False,,
2022-02-16,169.38404846191406,-0.8680701368077922,False,False,False,True,,
2022-02-17,165.78140258789062,-0.2016115314827113,False,False,True,True,,
2022-02-18,164.2303924560547,-0.7107908020777953,False,False,False,True,,
2022-02-22,161.30506896972656,-0.3339054258257277,False,False,False,False,,
2022-02-23,157.13304138183594,-0.0335096891524898,False,False,False,False,,
2022-02-24,159.75405883789062,-0.5160166132250932,False,False,False,True,,
2022-02-25,161.8253173828125,-0.605894154723014,False,False,True,True,,
2022-02-28,162.09036254882812,-0.7508972320664269,False,False,False,True,,
2022-03-01,160.20559692382812,-0.5020816473140134,False,False,False,False,,
2022-03-02,163.5039520263672,0.2093167892993981,False,False,False,False,,
2022-03-03,163.17999267578125,-0.6551981034971984,False,False,False,False,,
2022-03-04,160.1761474609375,-0.0232266469730219,False,False,False,False,,
2022-03-07,156.37713623046875,0.1573058918113268,False,False,False,False,,
2022-03-08,154.55128479003906,-0.163931172051143,False,False,False,False,,
2022-03-09,159.96017456054688,1.2975100794633547,True,False,False,True,B,B iof_and_(spike_or_near_cp)
2022-03-10,155.61146545410156,0.2696442092469464,False,False,True,True,,
2022-03-11,151.89102172851562,0.4207425316118571,False,False,False,True,,
2022-03-14,147.85641479492188,0.5293490024471837,False,False,False,False,,
2022-03-15,152.24440002441406,0.9391004721223196,True,False,False,False,C,C weak_iof_only
2022-03-16,156.66183471679688,0.5355382462624869,False,False,False,True,,
2022-03-17,157.67294311523438,-0.4098196697475854,False,True,True,True,A,A1 spike_near_cp
2022-03-18,160.97128295898438,-0.1047239086382973,False,True,False,True,A,A1 spike_near_cp
2022-03-21,162.34561157226562,-0.6762768167014744,False,False,False,False,,
2022-03-22,165.7224884033203,-0.3775106098367531,False,False,False,False,,
2022-03-23,167.08697509765625,-0.7912480535724612,False,False,False,False,,
2022-03-24,170.87619018554688,-0.3464554894674114,False,False,False,False,,
